dataset,series,model,family,window_type,h,coverage,interval_width,mae,rmse,pinball_lower,pinball_upper,n
retail,Riyadh/Grocery,seasonal_naive,baseline,expanding,1,1.0,422.8000000000001,36.666666666666664,37.82415454001142,10.253333333333336,10.88666666666668,6
retail,Riyadh/Grocery,seasonal_naive,baseline,expanding,2,1.0,422.8000000000001,39.833333333333336,44.883181705400524,11.111666666666672,10.028333333333345,6
retail,Riyadh/Grocery,seasonal_naive,baseline,expanding,3,1.0,422.8000000000001,37.0,45.83666654546336,11.653333333333338,9.486666666666679,6
retail,Riyadh/Grocery,seasonal_naive,baseline,expanding,4,1.0,422.8000000000001,42.166666666666664,47.66375282469199,9.828333333333337,11.31166666666668,6
retail,Riyadh/Grocery,seasonal_naive,baseline,expanding,5,1.0,422.8000000000001,32.0,38.7556447501522,11.38666666666667,9.753333333333345,6
retail,Riyadh/Grocery,seasonal_naive,baseline,expanding,6,1.0,422.8000000000001,43.0,60.591528560792504,11.403333333333336,9.736666666666677,6
retail,Riyadh/Grocery,seasonal_naive,baseline,expanding,7,1.0,422.8000000000001,61.666666666666664,62.65514078403037,11.43666666666667,9.703333333333346,6
retail,Riyadh/Grocery,seasonal_naive,baseline,expanding,8,1.0,422.8000000000001,47.333333333333336,58.42088667591412,11.336666666666668,9.803333333333345,6
retail,Riyadh/Grocery,seasonal_naive,baseline,expanding,9,1.0,422.8000000000001,56.166666666666664,64.29489352455087,11.711666666666671,9.428333333333347,6
retail,Riyadh/Grocery,seasonal_naive,baseline,expanding,10,1.0,422.8000000000001,47.333333333333336,53.612809414666316,12.253333333333337,8.886666666666677,6
retail,Riyadh/Grocery,seasonal_naive,baseline,expanding,11,1.0,422.8000000000001,61.0,77.73244710758392,11.370000000000005,9.77000000000001,6
retail,Riyadh/Grocery,seasonal_naive,baseline,expanding,12,1.0,422.8000000000001,29.666666666666668,37.82415454001142,11.570000000000002,9.570000000000011,6
retail,Riyadh/Grocery,seasonal_naive,baseline,expanding,13,1.0,422.8000000000001,38.5,45.707402755644154,11.345000000000004,9.79500000000001,6
retail,Riyadh/Grocery,seasonal_naive,baseline,expanding,14,1.0,422.8000000000001,50.166666666666664,58.905291216777236,11.778333333333336,9.361666666666677,6
retail,Riyadh/Grocery,sarima,classical,expanding,1,1.0,157.28475425384337,47.78806969497265,55.51161033154769,3.407916716579194,4.4563209961129795,6
retail,Riyadh/Grocery,sarima,classical,expanding,2,1.0,202.1665844447788,38.26180139305912,47.40689033525208,5.183704627825146,4.9246245944138,6
retail,Riyadh/Grocery,sarima,classical,expanding,3,1.0,317.3278910602707,44.5323439872443,50.01642261047597,8.845725283473842,7.020669269539702,6
retail,Riyadh/Grocery,sarima,classical,expanding,4,1.0,301.85656635990523,56.507658752369856,64.94019332353307,7.4885875042173415,7.604240813777928,6
retail,Riyadh/Grocery,sarima,classical,expanding,5,1.0,211.23477509870554,43.7081668877535,47.55367213618527,5.987765726180893,4.573973028754387,6
retail,Riyadh/Grocery,sarima,classical,expanding,6,1.0,208.5889988201449,48.92034272647075,56.153911577747444,4.694595187545837,5.734854753461413,6
retail,Riyadh/Grocery,sarima,classical,expanding,7,1.0,217.8923638573959,39.75444664111222,48.235010606883534,5.241377428225381,5.653240764644419,6
retail,Riyadh/Grocery,sarima,classical,expanding,8,1.0,236.86258505431928,42.7566523978895,49.24785018703157,5.758797403526683,6.084331849189286,6
retail,Riyadh/Grocery,sarima,classical,expanding,9,1.0,268.00794364707764,52.11914157926518,62.75769014328744,6.746585017038192,6.653812165315696,6
retail,Riyadh/Grocery,sarima,classical,expanding,10,1.0,399.52913877008956,38.14535880583835,49.54906193663645,10.672954906615134,9.303502031889353,6
retail,Riyadh/Grocery,sarima,classical,expanding,11,1.0,368.9431927752973,48.653714790056426,55.9512927001969,10.111626701283052,8.335532937481823,6
retail,Riyadh/Grocery,sarima,classical,expanding,12,1.0,254.02345560917072,26.315060168464964,33.72428554620209,6.881896541986939,5.819276238471602,6
retail,Riyadh/Grocery,sarima,classical,expanding,13,1.0,248.8634401885407,41.910496267284515,51.170032390723236,5.272266859662688,7.1709051497643514,6
retail,Riyadh/Grocery,sarima,classical,expanding,14,1.0,257.7443161463977,55.82667957843939,66.32281508418833,6.22154070678059,6.6656751005393,6
retail,Riyadh/Grocery,ets,classical,expanding,1,1.0,158.44419862157767,23.756678420076195,27.065221979792273,3.4860181161569996,4.43619181492189,6
retail,Riyadh/Grocery,ets,classical,expanding,2,1.0,199.47794504382807,20.6847616105224,25.349447790823557,5.166411246488747,4.807486005702661,6
retail,Riyadh/Grocery,ets,classical,expanding,3,1.0,321.6236074133082,54.17648599059034,62.14151099702766,9.114551029625916,6.966629341039501,6
retail,Riyadh/Grocery,ets,classical,expanding,4,1.0,318.0166980716468,32.5326322794434,37.82608041811117,8.012560649313174,7.888274254269175,6
retail,Riyadh/Grocery,ets,classical,expanding,5,1.0,232.23543208404212,39.61358518934954,51.770376837999144,6.4998363746608865,5.111935229541227,6
retail,Riyadh/Grocery,ets,classical,expanding,6,1.0,238.56066705222193,26.947194348066073,30.580804170952284,5.310765153534227,6.617268199076875,6
retail,Riyadh/Grocery,ets,classical,expanding,7,1.0,256.6325306336128,39.241578927524536,41.9867457424237,6.049282588015264,6.782343943665385,6
retail,Riyadh/Grocery,ets,classical,expanding,8,1.0,284.5334899049097,32.57970331242726,38.69092142222874,6.728810176189779,7.497864319055714,6
retail,Riyadh/Grocery,ets,classical,expanding,9,1.0,330.33459374630473,36.72639717953134,45.71549217878685,7.8944324649371636,8.622297222378082,6
retail,Riyadh/Grocery,ets,classical,expanding,10,1.0,505.80783741207614,56.021669550910396,63.794596581645514,12.393714073608507,12.896677796995313,6
retail,Riyadh/Grocery,ets,classical,expanding,11,1.0,476.38539816435696,63.94587124059675,73.2899591559793,11.825730264560704,11.993539643657156,6
retail,Riyadh/Grocery,ets,classical,expanding,12,1.0,332.5891556199234,34.824831373166916,39.91970864568981,8.202616313595025,8.426841467401156,6
retail,Riyadh/Grocery,ets,classical,expanding,13,1.0,331.38570807812437,25.43918137261906,30.223447020768013,6.6312366088379475,9.93804879506828,6
retail,Riyadh/Grocery,ets,classical,expanding,14,1.0,347.8680069807535,34.62357517771909,51.24061249765939,7.706576792919694,9.686823556117986,6
retail,Riyadh/Grocery,prophet,gam,expanding,1,1.0,423.6726554622816,8.72432567761488,13.184889350957086,10.577404407224483,10.606228365889608,6
retail,Riyadh/Grocery,prophet,gam,expanding,2,1.0,420.33577737852374,15.558206713573972,19.725066836637392,10.710252384864214,10.306536484061981,6
retail,Riyadh/Grocery,prophet,gam,expanding,3,1.0,422.7859371098527,31.20388014078564,36.83460158226076,9.714603047474833,11.424693808017807,6
retail,Riyadh/Grocery,prophet,gam,expanding,4,1.0,422.8524307809939,29.84609904651258,46.134299833275286,8.90231294994893,12.240308589100778,6
retail,Riyadh/Grocery,prophet,gam,expanding,5,1.0,425.3377307543619,41.873269407363665,53.736357171233756,12.199282710033472,9.067603827684634,6
retail,Riyadh/Grocery,prophet,gam,expanding,6,1.0,421.50995920141963,39.738444374754124,45.21968972055712,10.810452290093707,10.265045669977287,6
retail,Riyadh/Grocery,prophet,gam,expanding,7,1.0,427.39977830740713,32.46084765965011,36.9074812906302,11.706746700015186,9.663242215355181,6
retail,Riyadh/Grocery,prophet,gam,expanding,8,1.0,437.7700379382256,31.01489520328539,37.03945871101638,11.37467424750877,10.513827649402517,6
retail,Riyadh/Grocery,prophet,gam,expanding,9,1.0,413.66399756727395,34.558731488431015,44.58795831647871,10.807586217267676,9.875613661096027,6
retail,Riyadh/Grocery,prophet,gam,expanding,10,1.0,428.78072466436566,37.8165923792597,44.05702543007879,9.864620895179383,11.57441533803891,6
retail,Riyadh/Grocery,prophet,gam,expanding,11,1.0,432.01779985553685,44.304210851288154,50.427999920045394,10.359100194416031,11.241789798360822,6
retail,Riyadh/Grocery,prophet,gam,expanding,12,1.0,430.3712519483575,24.059266196248785,28.877159711994533,12.029578866071134,9.488983731346751,6
retail,Riyadh/Grocery,prophet,gam,expanding,13,1.0,427.65707294594193,25.782522052507346,31.409999096514674,10.612815041350006,10.7700386059471,6
retail,Riyadh/Grocery,prophet,gam,expanding,14,1.0,425.40175057601823,35.57864062601822,47.69713275107743,11.38386311788305,9.886224410917867,6
retail,Riyadh/Grocery,sktime_theta,gam,expanding,1,1.0,181.23794534345723,22.24140792848908,26.360886780414145,3.9116198609477295,5.150277406225137,6
retail,Riyadh/Grocery,sktime_theta,gam,expanding,2,1.0,222.2163568887804,21.32728599854666,27.29631501269785,5.571760314059515,5.539057530379509,6
retail,Riyadh/Grocery,sktime_theta,gam,expanding,3,1.0,352.237933774322,57.93892908771875,66.43075191956576,9.625446961934891,7.986449726781216,6
retail,Riyadh/Grocery,sktime_theta,gam,expanding,4,1.0,343.9533897339129,35.6904218740626,41.53875088573369,8.432426904216618,8.765242582479038,6
retail,Riyadh/Grocery,sktime_theta,gam,expanding,5,1.0,248.89691113713013,40.802739186547804,53.63717191683738,6.759671435278771,5.685174121577741,6
retail,Riyadh/Grocery,sktime_theta,gam,expanding,6,1.0,254.0984763811131,27.413414219674166,31.55440217863368,5.530859002067388,7.174064816988273,6
retail,Riyadh/Grocery,sktime_theta,gam,expanding,7,1.0,271.6169821235837,39.24937354587189,42.34215779106058,6.261754256908609,7.319094849270583,6
retail,Riyadh/Grocery,sktime_theta,gam,expanding,8,1.0,299.78467739594515,34.427095137232584,39.96140466094433,6.936062945555295,8.05317092424197,6
retail,Riyadh/Grocery,sktime_theta,gam,expanding,9,1.0,346.74141065657113,39.442322737206304,48.04125972502297,8.107838496432214,9.229232036396354,6
retail,Riyadh/Grocery,sktime_theta,gam,expanding,10,1.0,529.530265364592,62.30625528464483,68.98659902365029,12.67843021364378,13.798083054585831,6
retail,Riyadh/Grocery,sktime_theta,gam,expanding,11,1.0,497.22962635447493,66.46491258620021,77.0670480256988,12.070703113223097,12.790778204500661,6
retail,Riyadh/Grocery,sktime_theta,gam,expanding,12,1.0,346.27919495633006,37.594079008935104,42.12985217414161,8.35794670345519,8.95601304436132,6
retail,Riyadh/Grocery,sktime_theta,gam,expanding,13,1.0,344.62727502862276,25.410805574350274,30.054374604712017,6.763624778767188,10.467738972663959,6
retail,Riyadh/Grocery,sktime_theta,gam,expanding,14,1.0,360.8533153104924,36.18113708472615,52.71501339602087,7.839159505129078,10.203506260395551,6
retail,Riyadh/Grocery,lgbm_quantile,ml,expanding,1,1.0,100.65693066878036,27.732258260170244,32.3764808689664,1.5948192555199947,3.4380272779190264,6
retail,Riyadh/Grocery,lgbm_quantile,ml,expanding,2,1.0,98.71059789301667,23.813333889999882,26.065560123312313,2.429308423144874,2.5062214715059614,6
retail,Riyadh/Grocery,lgbm_quantile,ml,expanding,3,0.8333333333333334,109.38030545981455,30.220413667573553,36.87102636934638,4.502579007036975,10.684954679950074,6
retail,Riyadh/Grocery,lgbm_quantile,ml,expanding,4,0.8333333333333334,110.73205310125745,18.236300481082747,24.355724089048298,2.591505467353371,3.700136047183507,6
retail,Riyadh/Grocery,lgbm_quantile,ml,expanding,5,0.5,79.67796417603786,42.99629444957993,54.88016669334286,3.2739774955227468,17.044243556428537,6
retail,Riyadh/Grocery,lgbm_quantile,ml,expanding,6,0.6666666666666666,82.34011934318094,35.069473317146794,39.19990444670863,5.5079960490406705,2.5467655043780297,6
retail,Riyadh/Grocery,lgbm_quantile,ml,expanding,7,0.6666666666666666,85.05409315592581,36.45208739654268,39.776572687365366,5.718700510979342,5.005926910729335,6
retail,Riyadh/Grocery,lgbm_quantile,ml,expanding,8,0.6666666666666666,95.86562898081486,25.989550247195552,30.980121893770956,4.081209869184946,4.772775086574538,6
retail,Riyadh/Grocery,lgbm_quantile,ml,expanding,9,0.5,87.1130688545433,38.69207133202101,46.58682013781731,4.821258584605608,7.58484649096208,6
retail,Riyadh/Grocery,lgbm_quantile,ml,expanding,10,0.5,100.40683642112077,27.8402120455472,36.27970812792315,4.507399888786917,10.792274046808528,6
retail,Riyadh/Grocery,lgbm_quantile,ml,expanding,11,0.6666666666666666,98.70021453976098,55.216665433740275,64.77319708865043,3.3321674938569807,13.906558500914516,6
retail,Riyadh/Grocery,lgbm_quantile,ml,expanding,12,0.6666666666666666,85.5544506523014,29.980769467597565,36.20540411927284,3.123530733298427,5.053042067891596,6
retail,Riyadh/Grocery,lgbm_quantile,ml,expanding,13,0.6666666666666666,82.5232706517535,36.630533523278764,42.77642475710281,6.637225081675091,4.106859198484356,6
retail,Riyadh/Grocery,lgbm_quantile,ml,expanding,14,0.8333333333333334,91.189538469929,32.03140042852481,41.97444622799973,2.2917272967214193,10.479558985849167,6
retail,Riyadh/Grocery,lgbm_conformal,ml,expanding,1,1.0,194.60771110544604,20.907771892346688,25.704211094813317,3.558624230796234,6.171761324476075,6
retail,Riyadh/Grocery,lgbm_conformal,ml,expanding,2,1.0,215.7019738363018,21.38391232488122,27.00842808984302,4.439131321458931,6.345967370356161,6
retail,Riyadh/Grocery,lgbm_conformal,ml,expanding,3,1.0,320.8360803374733,28.61652212700496,37.1541053850563,7.334466651306482,8.70733736556719,6
retail,Riyadh/Grocery,lgbm_conformal,ml,expanding,4,1.0,281.09381685213407,16.60320184711681,19.3295851339833,6.411327795170544,7.643363047436165,6
retail,Riyadh/Grocery,lgbm_conformal,ml,expanding,5,0.8333333333333334,184.87075112972778,43.97003372346677,56.532209670705974,5.680263988475139,4.273556172335474,6
retail,Riyadh/Grocery,lgbm_conformal,ml,expanding,6,1.0,178.53373024158745,33.28498559838136,36.75232240362315,4.063400750116255,4.863285761963122,6
retail,Riyadh/Grocery,lgbm_conformal,ml,expanding,7,1.0,176.8156539836939,35.859551754192495,39.78798583733282,4.671966301196114,4.168816397988584,6
retail,Riyadh/Grocery,lgbm_conformal,ml,expanding,8,1.0,196.4683707908147,31.091781781115817,33.81499909087076,4.487781193655779,5.335637345884961,6
retail,Riyadh/Grocery,lgbm_conformal,ml,expanding,9,1.0,231.23910713501814,43.25353640544378,57.489988981426876,4.488151196797358,7.073804159953556,6
retail,Riyadh/Grocery,lgbm_conformal,ml,expanding,10,1.0,336.1270011315806,23.41105412312544,35.01680277420686,7.430408380807727,9.375941675771314,6
retail,Riyadh/Grocery,lgbm_conformal,ml,expanding,11,0.8333333333333334,306.07135049204084,50.61023495282802,63.218317824014534,6.930188367237111,8.414850897536438,6
retail,Riyadh/Grocery,lgbm_conformal,ml,expanding,12,1.0,187.98675752940667,35.38416662944102,40.470838132456336,5.334045869703836,4.065292006766503,6
retail,Riyadh/Grocery,lgbm_conformal,ml,expanding,13,1.0,189.0429859411996,35.515008088222096,46.713473635739284,3.661921023617355,5.7902282734426285,6
retail,Riyadh/Grocery,lgbm_conformal,ml,expanding,14,1.0,194.11395375570893,28.193041385196853,31.919496032679998,4.581248052047898,5.124449635737553,6
retail,Riyadh/Grocery,seasonal_naive,baseline,rolling,1,1.0,487.8666666666668,36.666666666666664,37.82415454001142,11.880000000000004,12.513333333333348,6
retail,Riyadh/Grocery,seasonal_naive,baseline,rolling,2,1.0,487.8666666666668,39.833333333333336,44.883181705400524,12.738333333333337,11.655000000000015,6
retail,Riyadh/Grocery,seasonal_naive,baseline,rolling,3,1.0,487.8666666666668,37.0,45.83666654546336,13.280000000000006,11.113333333333346,6
retail,Riyadh/Grocery,seasonal_naive,baseline,rolling,4,1.0,487.8666666666668,42.166666666666664,47.66375282469199,11.455000000000005,12.938333333333349,6
retail,Riyadh/Grocery,seasonal_naive,baseline,rolling,5,1.0,487.8666666666668,32.0,38.7556447501522,13.013333333333337,11.380000000000015,6
retail,Riyadh/Grocery,seasonal_naive,baseline,rolling,6,1.0,487.8666666666668,43.0,60.591528560792504,13.030000000000003,11.363333333333346,6
retail,Riyadh/Grocery,seasonal_naive,baseline,rolling,7,1.0,487.8666666666668,61.666666666666664,62.65514078403037,13.06333333333334,11.330000000000013,6
retail,Riyadh/Grocery,seasonal_naive,baseline,rolling,8,1.0,487.8666666666668,47.333333333333336,58.42088667591412,12.963333333333338,11.430000000000014,6
retail,Riyadh/Grocery,seasonal_naive,baseline,rolling,9,1.0,487.8666666666668,56.166666666666664,64.29489352455087,13.338333333333338,11.055000000000012,6
retail,Riyadh/Grocery,seasonal_naive,baseline,rolling,10,1.0,487.8666666666668,47.333333333333336,53.612809414666316,13.880000000000003,10.513333333333348,6
retail,Riyadh/Grocery,seasonal_naive,baseline,rolling,11,1.0,487.8666666666668,61.0,77.73244710758392,12.996666666666671,11.39666666666668,6
retail,Riyadh/Grocery,seasonal_naive,baseline,rolling,12,1.0,487.8666666666668,29.666666666666668,37.82415454001142,13.19666666666667,11.196666666666681,6
retail,Riyadh/Grocery,seasonal_naive,baseline,rolling,13,1.0,487.8666666666668,38.5,45.707402755644154,12.971666666666671,11.421666666666681,6
retail,Riyadh/Grocery,seasonal_naive,baseline,rolling,14,1.0,487.8666666666668,50.166666666666664,58.905291216777236,13.405000000000006,10.988333333333346,6
retail,Riyadh/Grocery,sarima,classical,rolling,1,1.0,164.5311462496252,41.39337825984689,47.748214793925456,3.5799424097552,4.646614902726065,6
retail,Riyadh/Grocery,sarima,classical,rolling,2,1.0,219.89429205402303,63.66565058300527,67.13756069320517,5.022966642177061,5.9717479605240955,6
retail,Riyadh/Grocery,sarima,classical,rolling,3,1.0,374.4526080517218,66.49659127764777,80.02718812012101,8.537498370321623,10.185132032264475,6
retail,Riyadh/Grocery,sarima,classical,rolling,4,1.0,365.1220355926166,85.99242867619036,103.1478216259803,7.374315828758273,10.881785950872564,6
retail,Riyadh/Grocery,sarima,classical,rolling,5,1.0,258.23000229732577,81.15415209727168,86.42376798356743,5.814282696730547,7.097217418135746,6
retail,Riyadh/Grocery,sarima,classical,rolling,6,1.0,244.79810582471714,72.11497630862246,94.47609194984356,5.133075522658916,7.106829768576948,6
retail,Riyadh/Grocery,sarima,classical,rolling,7,1.0,271.6286466496703,81.35663889785057,83.04136205718339,5.493735012444027,8.087697320039494,6
retail,Riyadh/Grocery,sarima,classical,rolling,8,1.0,313.4842126950121,83.42139070736982,91.82369091894867,6.297456297678205,9.376754337072413,6
retail,Riyadh/Grocery,sarima,classical,rolling,9,1.0,382.6531140768637,100.71434507043459,117.64922420998191,7.342713105476723,11.789942598366475,6
retail,Riyadh/Grocery,sarima,classical,rolling,10,1.0,652.8329212157141,97.57458753991058,117.98241847453063,11.57203974593977,21.069606314845952,6
retail,Riyadh/Grocery,sarima,classical,rolling,11,1.0,614.0624524244341,104.05731511182101,119.75111861937945,11.074352839295408,19.62876978192632,6
retail,Riyadh/Grocery,sarima,classical,rolling,12,1.0,410.12453155982934,81.92334066431378,88.2371748442853,7.495138814351109,13.01108776364037,6
retail,Riyadh/Grocery,sarima,classical,rolling,13,1.0,375.6391532414611,81.7060299768586,93.32090463734679,6.404894016631945,12.37706364544112,6
retail,Riyadh/Grocery,sarima,classical,rolling,14,1.0,418.49497283844676,117.23082968689506,127.04520333391214,7.204967262083252,13.719781379839098,6
retail,Riyadh/Grocery,ets,classical,rolling,1,1.0,158.92158873521913,25.780801126581974,28.684996159860304,3.3694804454616922,4.576598991299268,6
retail,Riyadh/Grocery,ets,classical,rolling,2,1.0,199.4555593824131,21.564649105382454,26.227141700482825,5.202398495607478,4.7703794735131835,6
retail,Riyadh/Grocery,ets,classical,rolling,3,1.0,320.1723640185175,60.08783301029683,69.13980201435112,9.539753538631487,6.468864662294393,6
retail,Riyadh/Grocery,ets,classical,rolling,4,1.0,318.0969518501959,36.901344492751626,43.22823140313015,8.310971360384045,7.593876232125759,6
retail,Riyadh/Grocery,ets,classical,rolling,5,1.0,232.14063682366236,40.76760420191123,52.91923198270856,6.5551196257043784,5.051912215478743,6
retail,Riyadh/Grocery,ets,classical,rolling,6,1.0,238.6324107796927,27.12857470834868,31.132128769342156,5.349460926379721,6.582159612604916,6
retail,Riyadh/Grocery,ets,classical,rolling,7,1.0,260.64460248057173,38.79523319894488,41.578632707471094,5.950652543607169,7.081577580421424,6
retail,Riyadh/Grocery,ets,classical,rolling,8,1.0,290.11638561507226,30.985596477318893,37.69687375228867,6.628547860639216,7.877271420114404,6
retail,Riyadh/Grocery,ets,classical,rolling,9,1.0,334.7669031452357,36.77932128845771,45.84045435281199,7.922845141234962,8.81550001602683,6
retail,Riyadh/Grocery,ets,classical,rolling,10,1.0,510.3896612813521,65.22364822813209,72.08932459082152,12.771389635669351,12.748093428398265,6
retail,Riyadh/Grocery,ets,classical,rolling,11,1.0,482.10672343412443,67.50411961497521,77.95366434197729,12.086239677417646,12.019096494288583,6
retail,Riyadh/Grocery,ets,classical,rolling,12,1.0,335.34088221726523,36.0340686195587,40.98449667627399,8.235073911643655,8.531970199219613,6
retail,Riyadh/Grocery,ets,classical,rolling,13,1.0,334.0899304889161,25.729460476281258,30.302560021512612,6.646991096759436,10.057505427686378,6
retail,Riyadh/Grocery,ets,classical,rolling,14,1.0,356.0502415583428,33.269649885127116,49.56060378625646,7.598886065376827,10.203626012540324,6
retail,Riyadh/Grocery,prophet,gam,rolling,1,1.0,407.92987626007124,14.732528423003174,18.74360436495837,10.540238280895261,9.856255532108309,6
retail,Riyadh/Grocery,prophet,gam,rolling,2,1.0,409.86945844600535,22.618751391208395,25.960692805742188,10.938019031182408,9.555453891117866,6
retail,Riyadh/Grocery,prophet,gam,rolling,3,1.0,407.31681719776697,22.691792205991117,30.74450193694488,10.251454661434344,10.114386198454012,6
retail,Riyadh/Grocery,prophet,gam,rolling,4,1.0,414.41965008194546,25.419625311715134,33.21059640841941,9.80858584580093,10.912396658296357,6
retail,Riyadh/Grocery,prophet,gam,rolling,5,1.0,412.87106470492927,40.67611213633777,56.42649150174983,12.37910168007007,8.264451555176402,6
retail,Riyadh/Grocery,prophet,gam,rolling,6,1.0,405.27728075900114,39.63296747721521,48.74571896131805,11.07989865176159,9.183965386188476,6
retail,Riyadh/Grocery,prophet,gam,rolling,7,1.0,411.1057582391066,35.409493779714694,39.00813917484202,11.208061160019623,9.347226751935718,6
retail,Riyadh/Grocery,prophet,gam,rolling,8,1.0,407.29222714495904,30.82012130786502,36.260598460729526,11.153870970574873,9.210740386673086,6
retail,Riyadh/Grocery,prophet,gam,rolling,9,1.0,407.73493698458043,37.96992982979294,41.74848952721203,11.001585117102351,9.385161732126681,6
retail,Riyadh/Grocery,prophet,gam,rolling,10,1.0,415.6014369836998,37.01308215496359,39.41351265808993,10.560007588884371,10.220064260300624,6
retail,Riyadh/Grocery,prophet,gam,rolling,11,1.0,406.69982062551213,51.26897938494568,55.208203863967505,10.358345414174453,9.976645617101163,6
retail,Riyadh/Grocery,prophet,gam,rolling,12,1.0,414.41167325807083,30.881671956937595,35.860643319528926,11.918367503312654,8.802216159590898,6
retail,Riyadh/Grocery,prophet,gam,rolling,13,1.0,408.420473042494,27.424686329766445,34.94926612309608,10.415593813620385,10.005429838504325,6
retail,Riyadh/Grocery,prophet,gam,rolling,14,1.0,404.7161175548568,35.197306984450286,49.473494327653356,10.744358608400717,9.49144726934213,6
retail,Riyadh/Grocery,sktime_theta,gam,rolling,1,1.0,182.55626293639878,23.976816068454394,27.309122471233316,3.8106101526096814,5.3172029942102625,6
retail,Riyadh/Grocery,sktime_theta,gam,rolling,2,1.0,222.48868095186455,22.25974865146843,28.57837268874706,5.632831140525995,5.4916029070672385,6
retail,Riyadh/Grocery,sktime_theta,gam,rolling,3,1.0,350.7220771237342,64.31220265940972,74.62701618544904,10.076909710355752,7.4591941458309705,6
retail,Riyadh/Grocery,sktime_theta,gam,rolling,4,1.0,343.78852563962204,40.597164319349474,48.147448063655645,8.759206763129896,8.430219518851214,6
retail,Riyadh/Grocery,sktime_theta,gam,rolling,5,1.0,248.3162016004909,43.05589577924352,55.52067742848723,6.845601471540724,5.570208608483828,6
retail,Riyadh/Grocery,sktime_theta,gam,rolling,6,1.0,253.47016288512432,28.19910610760789,32.40106682819517,5.604960348306129,7.068547795950093,6
retail,Riyadh/Grocery,sktime_theta,gam,rolling,7,1.0,275.3963580883565,38.86551002787905,41.89634804203145,6.186560889425796,7.583257014992037,6
retail,Riyadh/Grocery,sktime_theta,gam,rolling,8,1.0,304.9271633097648,33.36839238501639,39.12668752378252,6.864802446487093,8.381555719001154,6
retail,Riyadh/Grocery,sktime_theta,gam,rolling,9,1.0,350.0257016725659,40.54333016962269,49.186808957617345,8.178354574082308,9.322930509545996,6
retail,Riyadh/Grocery,sktime_theta,gam,rolling,10,1.0,531.8412994102615,73.71051776614185,79.56794648138336,13.109015518964895,13.48304945154819,6
retail,Riyadh/Grocery,sktime_theta,gam,rolling,11,1.0,500.6873560232012,71.39229678771086,83.7970994949606,12.384239919562411,12.650127881597662,6
retail,Riyadh/Grocery,sktime_theta,gam,rolling,12,1.0,347.2442343248279,40.520815070592455,44.735587684703354,8.438599324264507,8.923612391976901,6
retail,Riyadh/Grocery,sktime_theta,gam,rolling,13,1.0,345.3410536005733,26.31900216304884,30.745816613552012,6.831525909903547,10.435526770125128,6
retail,Riyadh/Grocery,sktime_theta,gam,rolling,14,1.0,367.5563562333959,35.548548910862515,52.12322961789245,7.772663135313707,10.605154676356095,6
retail,Riyadh/Grocery,lgbm_quantile,ml,rolling,1,0.8333333333333334,98.75971568709679,23.84418243983573,30.213366982088708,2.58276626635721,3.718007379537434,6
retail,Riyadh/Grocery,lgbm_quantile,ml,rolling,2,1.0,91.96229278746527,16.65650581238818,21.375235380816452,1.9522565049023417,2.645858134470924,6
retail,Riyadh/Grocery,lgbm_quantile,ml,rolling,3,0.6666666666666666,107.04633693268251,34.958574698351924,48.58621073502491,4.850355993109258,14.562758466883094,6
retail,Riyadh/Grocery,lgbm_quantile,ml,rolling,4,1.0,108.83340176390789,22.43263111044077,25.825772634390518,2.5666690035535065,2.8750010846418905,6
retail,Riyadh/Grocery,lgbm_quantile,ml,rolling,5,0.5,71.48086517856656,43.91391254386167,51.999501922313605,3.1962282489652307,17.892404958466113,6
retail,Riyadh/Grocery,lgbm_quantile,ml,rolling,6,0.5,73.61603247414226,37.21944944651455,44.04059673009132,7.9696437794402115,2.2891950618243677,6
retail,Riyadh/Grocery,lgbm_quantile,ml,rolling,7,0.6666666666666666,70.0553384673689,29.84810073570665,36.73598507666194,4.393795740586456,3.6676598531028515,6
retail,Riyadh/Grocery,lgbm_quantile,ml,rolling,8,0.6666666666666666,86.08479247513094,29.839473617729073,31.350086947280122,3.3561219356824115,2.930731965136705,6
retail,Riyadh/Grocery,lgbm_quantile,ml,rolling,9,0.6666666666666666,82.99863385540034,36.514862410630606,43.84755161813171,7.16967145071932,5.62007184190865,6
retail,Riyadh/Grocery,lgbm_quantile,ml,rolling,10,0.5,104.58075372416828,28.553603561974608,38.40069334496098,5.042132380507892,17.626921829801784,6
retail,Riyadh/Grocery,lgbm_quantile,ml,rolling,11,0.6666666666666666,106.66826883227935,50.99323391282926,63.72450424214381,3.6340024669564746,18.67675109344873,6
retail,Riyadh/Grocery,lgbm_quantile,ml,rolling,12,0.6666666666666666,68.9464022748331,28.25553231472507,38.4757710474066,2.944098954112755,6.3366815537732215,6
retail,Riyadh/Grocery,lgbm_quantile,ml,rolling,13,0.6666666666666666,69.32713562145265,30.521701709285765,39.23127936211223,6.533545090246395,2.9714494471844817,6
retail,Riyadh/Grocery,lgbm_quantile,ml,rolling,14,0.6666666666666666,74.5887424552253,30.107559592481977,40.18276302560891,2.9146780597660786,12.79814414777326,6
retail,Riyadh/Grocery,lgbm_conformal,ml,rolling,1,1.0,238.80945824568732,23.877168630932243,27.020774733750077,4.062591643878198,7.877881268406177,6
retail,Riyadh/Grocery,lgbm_conformal,ml,rolling,2,1.0,272.27645188345133,17.95158137172187,19.53598396181124,4.908350780132831,8.705471814039743,6
retail,Riyadh/Grocery,lgbm_conformal,ml,rolling,3,1.0,395.1313922107676,46.25632294399927,55.21320647715896,8.345225484644619,11.411344125893772,6
retail,Riyadh/Grocery,lgbm_conformal,ml,rolling,4,1.0,344.1996055193833,25.2498311467174,30.12853570874808,7.094863502067228,10.115116773901944,6
retail,Riyadh/Grocery,lgbm_conformal,ml,rolling,5,1.0,214.85582317037736,43.9214747131055,54.529492799544045,5.957073537746165,4.785717620772708,6
retail,Riyadh/Grocery,lgbm_conformal,ml,rolling,6,1.0,206.1823226646167,32.679782786859725,36.11716588168433,4.596227301917534,5.712888831313308,6
retail,Riyadh/Grocery,lgbm_conformal,ml,rolling,7,1.0,207.16131075492106,33.06680324360178,35.61039565548162,4.994807137801361,5.363258399944698,6
retail,Riyadh/Grocery,lgbm_conformal,ml,rolling,8,1.0,244.83649854028707,36.106751048977436,45.84339776095119,4.645910882545966,7.595914044468394,6
retail,Riyadh/Grocery,lgbm_conformal,ml,rolling,9,0.8333333333333334,283.1854687286909,38.84207386153207,65.81258763643787,7.72314970949897,9.27220987003267,6
retail,Riyadh/Grocery,lgbm_conformal,ml,rolling,10,1.0,407.36241345662046,31.436296597628445,37.87836126427509,8.499876499587726,11.868244173243305,6
retail,Riyadh/Grocery,lgbm_conformal,ml,rolling,11,1.0,355.2758125649657,38.93899328764115,54.332262869236416,7.735483171994731,10.02830745625356,6
retail,Riyadh/Grocery,lgbm_conformal,ml,rolling,12,1.0,219.48127916505587,27.748306583756335,36.53071079041643,5.217747617479842,5.756316340772957,6
retail,Riyadh/Grocery,lgbm_conformal,ml,rolling,13,0.8333333333333334,205.44995178623392,38.99231638903955,48.606991760572846,3.980381883427471,6.7160407888344755,6
retail,Riyadh/Grocery,lgbm_conformal,ml,rolling,14,1.0,198.18200748204603,32.190208786097195,39.8957948827929,4.878169084321393,5.030931289780914,6
workforce,workforce,seasonal_naive,baseline,expanding,1,0.85,19.830000000000002,6.5,8.270429251254134,0.93575,1.0557500000000002,20
workforce,workforce,seasonal_naive,baseline,expanding,2,0.95,19.830000000000002,4.8,6.016643582596529,0.61575,0.5257500000000006,20
workforce,workforce,seasonal_naive,baseline,expanding,3,0.95,19.830000000000002,4.0,5.495452665613635,0.52075,0.7207500000000004,20
workforce,workforce,seasonal_naive,baseline,expanding,4,1.0,19.830000000000002,2.7,3.286335345030997,0.49574999999999997,0.49575000000000047,20
workforce,workforce,seasonal_naive,baseline,expanding,5,0.75,19.830000000000002,6.7,8.949860334105779,1.0157500000000002,1.3257500000000004,20
workforce,workforce,seasonal_naive,baseline,expanding,6,0.55,19.830000000000002,10.4,12.47397290361014,1.56075,2.465749999999999,20
workforce,workforce,seasonal_naive,baseline,expanding,7,0.75,19.830000000000002,7.35,11.508692367076288,0.68325,2.4082500000000002,20
workforce,workforce,seasonal_naive,baseline,expanding,8,0.65,19.830000000000002,9.65,11.20937107959229,1.3832499999999994,1.5932500000000003,20
workforce,workforce,seasonal_naive,baseline,expanding,9,0.85,19.830000000000002,5.7,8.44393273303382,1.27575,1.1157500000000007,20
workforce,workforce,seasonal_naive,baseline,expanding,10,0.9,19.830000000000002,5.65,7.123903424387503,0.5632499999999995,0.8632500000000004,20
workforce,workforce,seasonal_naive,baseline,expanding,11,0.95,19.830000000000002,3.2,4.183300132670378,0.53075,0.6107500000000006,20
workforce,workforce,seasonal_naive,baseline,expanding,12,0.7,19.830000000000002,8.2,9.669539802906858,1.05075,1.5407500000000003,20
workforce,workforce,seasonal_naive,baseline,expanding,13,0.75,19.830000000000002,6.85,9.091204540653566,0.9132500000000002,1.61325,20
workforce,workforce,seasonal_naive,baseline,expanding,14,0.7,19.830000000000002,9.1,13.118688958886096,1.710749999999999,2.5657500000000004,20
workforce,workforce,sarima,classical,expanding,1,0.95,23.53840801431295,6.112898829226901,7.105517432085306,0.7096415004503316,0.6851360104578642,20
workforce,workforce,sarima,classical,expanding,2,1.0,23.003979378879656,3.176249303099509,3.8554241125427633,0.4721302015202474,0.6780687674237361,20
workforce,workforce,sarima,classical,expanding,3,0.85,11.089625198558064,2.9313058079206558,3.810784975843977,0.33628069526149423,0.569534419306275,20
workforce,workforce,sarima,classical,expanding,4,0.9,8.943522978961983,2.24886416943096,2.7981798230959094,0.34958182595602044,0.19718960581292905,20
workforce,workforce,sarima,classical,expanding,5,0.9,25.268114545329226,6.660220932765472,8.047618334468343,0.7327532077983323,0.8019787071378106,20
workforce,workforce,sarima,classical,expanding,6,0.95,26.834466888259044,5.738297612869268,7.879468329644459,0.7403304389898774,1.3108999443597849,20
workforce,workforce,sarima,classical,expanding,7,0.95,27.41818374690923,4.845441084031901,8.820827987870851,0.6377213075907084,1.9968001824455048,20
workforce,workforce,sarima,classical,expanding,8,0.8,26.73334259405642,8.310942071486016,10.515650962691128,1.041305928457371,1.4832440166942316,20
workforce,workforce,sarima,classical,expanding,9,0.9,26.062522692353355,5.035709849225186,7.559488586718824,0.5586231914802745,1.4955883247774777,20
workforce,workforce,sarima,classical,expanding,10,0.8,12.508433123503243,4.755375497347235,6.133570108631112,0.5082993391265089,1.0971624083724059,20
workforce,workforce,sarima,classical,expanding,11,0.9,10.059799054483411,2.604362130356479,3.4242318474231888,0.2920709528505749,0.5709484841228336,20
workforce,workforce,sarima,classical,expanding,12,0.85,28.479020546035713,7.691775883465053,9.449294871435205,0.9849130703304549,1.2730945680034997,20
workforce,workforce,sarima,classical,expanding,13,0.95,30.20239196744845,7.724585817813645,8.955877854583365,0.506805106398578,1.1527431692049381,20
workforce,workforce,sarima,classical,expanding,14,0.85,30.82058496558144,6.917382996465068,11.151283503213316,1.0425481825431508,1.9990930855044096,20
workforce,workforce,ets,classical,expanding,1,0.95,23.00510224683848,6.020835658871478,6.974351381076828,0.6752555069374591,0.650634741512736,20
workforce,workforce,ets,classical,expanding,2,1.0,22.471275611273903,3.1515331931061565,3.868170288273186,0.47747692917998535,0.6460868513837104,20
workforce,workforce,ets,classical,expanding,3,0.85,10.810676590485873,2.991568891777773,3.9472373659596265,0.3464214680390314,0.6339988087574594,20
workforce,workforce,ets,classical,expanding,4,0.9,8.716644349844353,2.3237691972792414,2.879845388936028,0.3553185855460591,0.18465716943629945,20
workforce,workforce,ets,classical,expanding,5,0.9,24.58183026674166,6.700233503811501,8.00695938109874,0.7557908549452322,0.7556125262877493,20
workforce,workforce,ets,classical,expanding,6,0.95,26.096285381966943,5.780280285923967,7.984816694626321,0.7512357897059728,1.3156344496286503,20
workforce,workforce,ets,classical,expanding,7,0.95,26.530762820386705,4.236466985081867,8.656040034129944,0.6645081869942032,1.9848204770505475,20
workforce,workforce,ets,classical,expanding,8,0.8,25.793945146396613,7.877878955089327,10.008906311917453,0.8915222898862318,1.48436973467019,20
workforce,workforce,ets,classical,expanding,9,0.95,25.137854661258874,4.71428382522867,7.170559763827473,0.565861517032094,1.4945254420934915,20
workforce,workforce,ets,classical,expanding,10,0.8,12.049180402281246,4.585038863572619,5.9519552770535675,0.4552682676999499,1.1212589982574435,20
workforce,workforce,ets,classical,expanding,11,0.9,9.69072582236866,2.7205140584145964,3.5847157893717636,0.30139109669473824,0.6173292694009118,20
workforce,workforce,ets,classical,expanding,12,0.9,27.335952231146745,7.198915584351463,9.039133888049653,0.9000770927677658,1.2805677719821513,20
workforce,workforce,ets,classical,expanding,13,0.95,28.969220438042818,6.891200565900735,8.19357519195248,0.5326823989379255,1.1559999974817727,20
workforce,workforce,ets,classical,expanding,14,0.9,29.39897630531072,6.332605650328264,10.237726276021396,0.7497232606508419,1.9847725849940363,20
workforce,workforce,prophet,gam,expanding,1,0.65,15.519704304069467,6.09693628992991,7.842275939871558,1.040954369762273,1.1004547358914967,20
workforce,workforce,prophet,gam,expanding,2,0.8,15.47806401805995,5.337152985842506,6.565708129659847,0.5147623020967352,1.0630063787404622,20
workforce,workforce,prophet,gam,expanding,3,0.95,15.431893580336672,2.98921401928288,3.931166339845051,0.39924216179293304,0.41447245394391563,20
workforce,workforce,prophet,gam,expanding,4,1.0,15.537277955622915,2.9917030900295645,3.7000884663662275,0.4317963025618904,0.34506759521925556,20
workforce,workforce,prophet,gam,expanding,5,0.45,15.504427839578913,7.587582653547395,9.186416147230808,1.9462433422863477,1.0003903400309961,20
workforce,workforce,prophet,gam,expanding,6,0.7,15.51319817420198,6.969526013405707,9.276705582955035,1.0706853917953763,1.9425807340083754,20
workforce,workforce,prophet,gam,expanding,7,0.7,15.56757391150604,7.365311188624633,10.651625211159018,0.8446690323169518,2.5938538916808076,20
workforce,workforce,prophet,gam,expanding,8,0.55,15.459640923133065,8.098999263665466,10.258508331013815,1.9623165523508024,1.5023518642025455,20
workforce,workforce,prophet,gam,expanding,9,0.55,15.589235227363028,6.972544623540164,9.10646132885907,0.9767735494761702,1.9148291692293498,20
workforce,workforce,prophet,gam,expanding,10,0.8,15.51654156440934,4.969508403332306,6.655229845633482,0.7894873966377108,1.0219691863868043,20
workforce,workforce,prophet,gam,expanding,11,1.0,15.553830436911301,3.6391472661739215,4.195721157586685,0.451122759710768,0.3265687621347976,20
workforce,workforce,prophet,gam,expanding,12,0.45,15.518211979860292,8.366064176297222,9.64398486084599,1.2361382310885778,1.8762600412103119,20
workforce,workforce,prophet,gam,expanding,13,0.4,15.529422957044778,9.329443366789997,10.269217921175207,2.044571412058511,1.5556251006713964,20
workforce,workforce,prophet,gam,expanding,14,0.65,15.450895396308415,8.600785338654797,11.401088238583615,1.629477771445949,2.280073099090853,20
workforce,workforce,sktime_theta,gam,expanding,1,0.95,24.703714427795415,5.998897990122072,7.10884034450971,0.6247310682522493,0.7517545396015592,20
workforce,workforce,sktime_theta,gam,expanding,2,1.0,24.058898148519805,3.600734260872727,4.329273908946986,0.47468017904414717,0.7282647283818438,20
workforce,workforce,sktime_theta,gam,expanding,3,0.9,11.13825664194474,3.241881256394376,4.3855610769362885,0.3557247483258048,0.7416890404275439,20
workforce,workforce,sktime_theta,gam,expanding,4,0.75,8.875459397999133,3.095118138855053,3.702765534968143,0.33416446249228204,0.37836491041732156,20
workforce,workforce,sktime_theta,gam,expanding,5,0.9,26.36873836946628,6.597212994178816,8.117008616915246,0.7985176539018584,0.8561247306141228,20
workforce,workforce,sktime_theta,gam,expanding,6,0.9,27.990208769812817,5.062134905421511,7.721180475747335,0.7412156883766591,1.396862320995706,20
workforce,workforce,sktime_theta,gam,expanding,7,0.95,28.394187130396364,5.130602872350271,8.981817653063448,0.6585069267152921,2.055663336276198,20
workforce,workforce,sktime_theta,gam,expanding,8,0.9,27.530313303088253,7.63767287031787,9.885308748245475,0.8748737716539757,1.536888495801454,20
workforce,workforce,sktime_theta,gam,expanding,9,0.9,26.727409511429368,4.994085635438953,7.502035883664951,0.5857199285646425,1.5389548269189322,20
workforce,workforce,sktime_theta,gam,expanding,10,0.85,12.326220790866715,4.4525926060710095,5.970636365070983,0.40918068560217175,1.0921362895777178,20
workforce,workforce,sktime_theta,gam,expanding,11,0.75,9.792384806863817,3.4146078378852707,4.3876634982264635,0.3855990186141231,0.7607657528089184,20
workforce,workforce,sktime_theta,gam,expanding,12,0.85,29.053636662353803,6.891352098234277,8.643188699087009,0.758795805470778,1.325810055939691,20
workforce,workforce,sktime_theta,gam,expanding,13,0.95,30.765760686793374,6.853532893627926,8.416058867995986,0.5370039664635271,1.2035804852246241,20
workforce,workforce,sktime_theta,gam,expanding,14,0.95,31.136866324433697,6.077078701712653,9.724479938376431,0.7463417437174796,2.0218759925192,20
workforce,workforce,lgbm_quantile,ml,expanding,1,0.4,14.062803955927004,6.6815869201166915,7.861030662487748,1.734643278458433,0.7637651519779214,20
workforce,workforce,lgbm_quantile,ml,expanding,2,0.85,10.848595940523072,5.126271725079205,6.306597615530441,0.9749124620843862,0.3840855711220187,20
workforce,workforce,lgbm_quantile,ml,expanding,3,0.6,9.034886525421038,3.496368965165611,4.490363725667581,0.6768993232759934,0.5246007331600478,20
workforce,workforce,lgbm_quantile,ml,expanding,4,0.65,6.144720895441582,2.7167859212029564,3.43446146002977,0.6283856309485044,0.4386861518504884,20
workforce,workforce,lgbm_quantile,ml,expanding,5,0.55,12.118388955546688,6.850344656691587,8.463492142840172,2.4367885316648836,0.7585744360978917,20
workforce,workforce,lgbm_quantile,ml,expanding,6,0.45,12.44914783367887,5.925531801923714,8.048317948426638,0.9944734918117902,2.1494021553987444,20
workforce,workforce,lgbm_quantile,ml,expanding,7,0.7,12.918680508521708,6.072521874517783,9.664779871646703,0.8587494437417751,2.0936397141403815,20
workforce,workforce,lgbm_quantile,ml,expanding,8,0.5,15.246813857590954,8.803753247740241,10.580594321356134,2.2494702811003227,1.562894109745581,20
workforce,workforce,lgbm_quantile,ml,expanding,9,0.65,11.753390547349815,6.321356714483765,9.184105759181625,1.9433810224692798,1.522490700103031,20
workforce,workforce,lgbm_quantile,ml,expanding,10,0.5,9.989017329172706,4.449775552410687,6.662993996844693,1.1550737702968514,1.5146112597188008,20
workforce,workforce,lgbm_quantile,ml,expanding,11,0.6,6.854635645407347,3.198429499141191,4.214603187585853,0.5213175651865675,0.7955040617045253,20
workforce,workforce,lgbm_quantile,ml,expanding,12,0.5,13.397550090348613,8.517642947129689,10.823731706757469,1.6817210559814673,1.841012887820367,20
workforce,workforce,lgbm_quantile,ml,expanding,13,0.6,13.543901440734373,7.345997672191285,9.423954858645397,0.9023342233613503,1.8198565371996236,20
workforce,workforce,lgbm_quantile,ml,expanding,14,0.65,15.017536439845534,7.600989399741339,11.422761220848482,1.1914031975438875,2.747422095485461,20
workforce,workforce,lgbm_conformal,ml,expanding,1,1.0,35.22313181134095,7.0653763560329965,8.064118498212268,0.7594072892946881,1.0017493012723604,20
workforce,workforce,lgbm_conformal,ml,expanding,2,1.0,34.511903825328396,4.589182517673771,5.215873395799025,0.7226959657175971,1.0028992255488234,20
workforce,workforce,lgbm_conformal,ml,expanding,3,0.95,16.53534363301899,3.4232431122382168,4.333332460901486,0.39483307672727913,0.5044483745694184,20
workforce,workforce,lgbm_conformal,ml,expanding,4,0.95,13.36711150903869,3.0302344497962888,3.7838604138530494,0.333055319649111,0.45607975034788606,20
workforce,workforce,lgbm_conformal,ml,expanding,5,0.95,37.3201833293589,6.524445724085297,8.266434503536601,0.8163997311098186,1.12148971731589,20
workforce,workforce,lgbm_conformal,ml,expanding,6,0.95,40.032049186117824,6.063775660367472,8.039550163801328,1.0230464174084664,1.4399700568191773,20
workforce,workforce,lgbm_conformal,ml,expanding,7,0.95,41.1617401352892,5.939044319700151,9.159219979906483,0.9146523806933248,2.15245531787458,20
workforce,workforce,lgbm_conformal,ml,expanding,8,0.9,40.90539279120476,10.181799643787361,12.463582820665552,1.076011428612954,1.7211227884221256,20
workforce,workforce,lgbm_conformal,ml,expanding,9,0.9,39.95837980768008,7.4879884596512865,10.406541838397306,0.7921736270741504,1.9549374901582344,20
workforce,workforce,lgbm_conformal,ml,expanding,10,0.8,19.350499120460903,5.3864878047075155,7.393781767056972,0.5506503813239431,1.229123626871959,20
workforce,workforce,lgbm_conformal,ml,expanding,11,0.9,15.462650411616583,3.410452979409534,4.527541493948938,0.3608174631527858,0.741924923871641,20
workforce,workforce,lgbm_conformal,ml,expanding,12,0.9,42.4674385486948,8.265618281253785,11.88470719866577,1.1095329392756361,1.6683764332954751,20
workforce,workforce,lgbm_conformal,ml,expanding,13,0.95,45.377163674758734,8.748565882150768,11.284617574108461,0.8803496231990018,1.8012043516729748,20
workforce,workforce,lgbm_conformal,ml,expanding,14,0.95,46.37574199134171,9.105594241040771,12.672526093165443,1.103626849730711,2.5525634140383056,20
workforce,workforce,seasonal_naive,baseline,rolling,1,0.85,22.76,6.5,8.270429251254134,0.859,0.9290000000000006,20
workforce,workforce,seasonal_naive,baseline,rolling,2,0.95,22.76,4.8,6.016643582596529,0.6239999999999994,0.5990000000000005,20
workforce,workforce,seasonal_naive,baseline,rolling,3,0.95,22.76,4.0,5.495452665613635,0.5940000000000001,0.7440000000000004,20
workforce,workforce,seasonal_naive,baseline,rolling,4,1.0,22.76,2.7,3.286335345030997,0.5690000000000001,0.5690000000000006,20
workforce,workforce,seasonal_naive,baseline,rolling,5,0.8,22.76,6.7,8.949860334105779,0.8390000000000001,1.3490000000000006,20
workforce,workforce,seasonal_naive,baseline,rolling,6,0.55,22.76,10.4,12.47397290361014,1.4839999999999998,1.9739999999999989,20
workforce,workforce,seasonal_naive,baseline,rolling,7,0.85,22.76,7.35,11.508692367076288,0.7065000000000001,2.4315,20
workforce,workforce,seasonal_naive,baseline,rolling,8,0.8,22.76,9.65,11.20937107959229,1.3064999999999993,1.4665000000000006,20
workforce,workforce,seasonal_naive,baseline,rolling,9,0.85,22.76,5.7,8.44393273303382,1.2839999999999994,1.1890000000000005,20
workforce,workforce,seasonal_naive,baseline,rolling,10,0.95,22.76,5.65,7.123903424387503,0.6015,0.9365000000000008,20
workforce,workforce,seasonal_naive,baseline,rolling,11,0.95,22.76,3.2,4.183300132670378,0.604,0.6840000000000007,20
workforce,workforce,seasonal_naive,baseline,rolling,12,0.75,22.76,8.2,9.669539802906858,1.074,1.4640000000000006,20
workforce,workforce,seasonal_naive,baseline,rolling,13,0.75,22.76,6.85,9.091204540653566,0.8365,1.6015000000000004,20
workforce,workforce,seasonal_naive,baseline,rolling,14,0.7,22.76,9.1,13.118688958886096,1.6839999999999988,2.589,20
workforce,workforce,sarima,classical,rolling,1,0.95,25.26373419238959,6.216422579535044,7.241500794886034,0.7191595357301177,0.7476442873152186,20
workforce,workforce,sarima,classical,rolling,2,1.0,24.90359578342785,3.396404648727534,4.212950076972079,0.527783807300889,0.7173959818705041,20
workforce,workforce,sarima,classical,rolling,3,0.85,12.184991852374083,3.118862324833668,4.065250004140401,0.3808874367261178,0.591702674290624,20
workforce,workforce,sarima,classical,rolling,4,0.95,9.886819028856689,2.2763857217291465,2.839309194165035,0.3600394849749946,0.22330085667936078,20
workforce,workforce,sarima,classical,rolling,5,0.9,27.404854036631946,6.903525578374887,8.103856403881215,0.6435154806027448,0.8308637996951667,20
workforce,workforce,sarima,classical,rolling,6,0.95,29.26083287479245,6.268563558504446,8.294061047472635,0.8085717362373902,1.3146614694984131,20
workforce,workforce,sarima,classical,rolling,7,0.95,30.149294383811842,5.1675675600829365,8.943121133321284,0.6771965135499874,2.0305920429411155,20
workforce,workforce,sarima,classical,rolling,8,0.8,29.480442875772507,8.523692091297715,10.645165782132414,1.0145548841043497,1.4957519625252145,20
workforce,workforce,sarima,classical,rolling,9,0.95,28.630575491349713,5.143962702424417,7.563636325310025,0.6172868847553283,1.5088768480582941,20
workforce,workforce,sarima,classical,rolling,10,0.8,13.955706596739812,4.929215567181178,6.308993548907899,0.5445884416759939,1.1519564324401501,20
workforce,workforce,sarima,classical,rolling,11,0.9,11.294249657200657,2.900830123116589,3.5597015407092414,0.31928668460165033,0.5523594916898469,20
workforce,workforce,sarima,classical,rolling,12,0.85,31.373447668608595,8.33435867874104,9.909260992488127,1.0256993285063103,1.297504250856227,20
workforce,workforce,sarima,classical,rolling,13,0.95,33.4602428280454,7.67251485601553,8.690177073874008,0.5928544610488694,1.173194881571415,20
workforce,workforce,sarima,classical,rolling,14,0.85,34.442889933491315,7.8568000957370785,11.309840725912553,0.9731142289680305,2.050674413312902,20
workforce,workforce,ets,classical,rolling,1,0.95,24.637155924835877,5.965525015153013,7.000240157301411,0.6429776277578287,0.7275622764348165,20
workforce,workforce,ets,classical,rolling,2,1.0,23.98452708898375,3.1152146573543242,3.9493600940113853,0.5141587719514633,0.6850675824977247,20
workforce,workforce,ets,classical,rolling,3,0.85,11.756624307417622,3.032375191271361,4.0233988211192395,0.3497321272380127,0.6511857266450285,20
workforce,workforce,ets,classical,rolling,4,0.95,9.532473309732405,2.257385578526325,2.8494329956849755,0.35807100641159334,0.21060679233278914,20
workforce,workforce,ets,classical,rolling,5,0.9,26.413197177402413,6.605415352714528,7.901562418543698,0.67459105964246,0.7938583289296569,20
workforce,workforce,ets,classical,rolling,6,0.95,28.1766430182837,5.574053467355485,7.881721944010688,0.7978868901454765,1.3340804340804708,20
workforce,workforce,ets,classical,rolling,7,0.95,29.008167614674136,5.08622525692218,8.815902184334673,0.6687116192527605,2.0520626292616813,20
workforce,workforce,ets,classical,rolling,8,0.85,28.268351202313795,7.983306855563528,10.23446022525597,0.9220524125085541,1.5207725137933403,20
workforce,workforce,ets,classical,rolling,9,0.95,27.40155150882584,5.023151358702279,7.385748167223528,0.6055103560304895,1.532535006957898,20
workforce,workforce,ets,classical,rolling,10,0.85,13.366121220004587,4.475501625813946,5.892921604213988,0.4462024037331208,1.0973452346464176,20
workforce,workforce,ets,classical,rolling,11,0.9,10.79414834218071,2.56661370738367,3.5304379205242298,0.31285068380521863,0.6463985526902918,20
workforce,workforce,ets,classical,rolling,12,0.9,29.846669024251746,6.623596862525017,8.355066112899678,0.7290849885659509,1.324619561336699,20
workforce,workforce,ets,classical,rolling,13,0.95,31.741023420797596,6.886429463020835,8.226873436231815,0.579851078463115,1.2056959447086046,20
workforce,workforce,ets,classical,rolling,14,0.95,32.5804240591565,6.810730308016862,10.24615186410408,0.7400496003153479,2.0839816073655335,20
workforce,workforce,prophet,gam,rolling,1,0.55,16.21546931094617,6.1834195897883095,7.696337128587789,1.3866150251394953,0.7651240644399647,20
workforce,workforce,prophet,gam,rolling,2,0.75,16.272554770040884,5.449182931498454,6.608820119823856,0.635724387724071,0.8585563183845559,20
workforce,workforce,prophet,gam,rolling,3,0.9,16.047567897797812,3.432159841640112,4.459664121029884,0.46516476932260187,0.4850024885032423,20
workforce,workforce,prophet,gam,rolling,4,0.9,16.4406685880339,3.268235581460742,4.635857142012662,0.6834069528441586,0.4708293173453054,20
workforce,workforce,prophet,gam,rolling,5,0.45,16.36465939342608,8.576889276949776,10.476925775611063,2.3909097714550587,1.0177955271284183,20
workforce,workforce,prophet,gam,rolling,6,0.7,16.31204179506098,6.936756622309507,10.03737000065068,1.562917824532637,1.7785676475308463,20
workforce,workforce,prophet,gam,rolling,7,0.55,16.218891289272886,8.938910804169783,11.690655793003423,1.4376200184716246,2.393709240768373,20
workforce,workforce,prophet,gam,rolling,8,0.4,16.073448333249825,10.789765400045471,12.801140563186747,3.387966181792076,1.8582308014088251,20
workforce,workforce,prophet,gam,rolling,9,0.6,16.20542203817307,7.901670303785016,10.326647072002919,1.666949221230102,1.9930744328186918,20
workforce,workforce,prophet,gam,rolling,10,0.65,16.323520142675523,6.978046865882885,8.741558248678267,1.4318906191899685,1.1821919884537668,20
workforce,workforce,prophet,gam,rolling,11,0.85,16.261958692539686,5.0333343613989525,6.32067793808072,0.8928604418690498,0.6412893333948081,20
workforce,workforce,prophet,gam,rolling,12,0.45,16.218053799266837,9.246050535043002,11.157661305586819,2.2760805354779525,1.4342172383583118,20
workforce,workforce,prophet,gam,rolling,13,0.4,16.317483175925354,11.323773859455997,13.145561245788606,3.8755295886080843,1.5467128606447822,20
workforce,workforce,prophet,gam,rolling,14,0.35,16.25204118554505,11.425906702876716,13.718062802725703,2.9983737365539205,2.5543624361123483,20
workforce,workforce,sktime_theta,gam,rolling,1,0.95,26.51852507142069,5.99025832586186,7.177848662414998,0.6629684371575291,0.8219227676038304,20
workforce,workforce,sktime_theta,gam,rolling,2,1.0,25.728199163677125,3.393502824169204,4.1974182155151345,0.527588865220752,0.7588210929631047,20
workforce,workforce,sktime_theta,gam,rolling,3,0.9,12.246665667372884,3.1689850684391767,4.297910492194031,0.3557182530299599,0.749152660165282,20
workforce,workforce,sktime_theta,gam,rolling,4,0.75,9.836985212706434,2.875730242026811,3.4640221779034577,0.3406816361032767,0.2959647949485936,20
workforce,workforce,sktime_theta,gam,rolling,5,0.9,28.34286726897809,6.616136612748045,7.96624001590486,0.7016034831512586,0.8764927298194474,20
workforce,workforce,sktime_theta,gam,rolling,6,0.95,30.27691440569044,5.387391577691466,7.938661974349027,0.8067549490182959,1.4257867326430094,20
workforce,workforce,sktime_theta,gam,rolling,7,0.95,31.138136728360234,5.43646468778953,9.064377376330123,0.6817308771391728,2.1357843567870805,20
workforce,workforce,sktime_theta,gam,rolling,8,0.9,30.274618404168812,8.09229420021509,10.1999274383063,0.8629631238278896,1.6004374223299689,20
workforce,workforce,sktime_theta,gam,rolling,9,0.95,29.240151626511967,4.8898507098360255,7.393559615693184,0.6391986197192789,1.5876061393441607,20
workforce,workforce,sktime_theta,gam,rolling,10,0.9,13.849105538518794,4.36897507482737,5.869167014349983,0.40925715255146267,1.0713019593626711,20
workforce,workforce,sktime_theta,gam,rolling,11,0.85,11.07818512377776,3.203156511574728,4.182947793525153,0.3882853927994015,0.7473661208860207,20
workforce,workforce,sktime_theta,gam,rolling,12,0.9,31.840231317301004,6.891059485642108,8.593672549441349,0.7423734174479378,1.389278065172374,20
workforce,workforce,sktime_theta,gam,rolling,13,0.95,33.90033926156316,6.871211763990578,8.33101020983367,0.6097556157899242,1.2730306728499732,20
workforce,workforce,sktime_theta,gam,rolling,14,0.95,34.754679588322226,6.54403749707522,9.894563319416102,0.7740274955666948,2.1434757483241387,20
workforce,workforce,lgbm_quantile,ml,rolling,1,0.4,12.427398956040145,6.765791229655565,7.634809474738805,1.9473980660064452,0.7570917862144804,20
workforce,workforce,lgbm_quantile,ml,rolling,2,0.6,8.673952700250542,4.797046384028137,6.057735203118766,1.6053274977770844,0.5214201139158957,20
workforce,workforce,lgbm_quantile,ml,rolling,3,0.6,6.842146139674969,3.469933610760581,4.629278961280721,0.7253955830698428,0.9038480925125043,20
workforce,workforce,lgbm_quantile,ml,rolling,4,0.55,4.7212863968223475,2.3892808055918278,3.151504516615151,0.6310632361344654,0.4979488041552954,20
workforce,workforce,lgbm_quantile,ml,rolling,5,0.45,11.471431683231476,6.522261292476406,8.358877302190956,3.0261592341401657,0.6396696590973822,20
workforce,workforce,lgbm_quantile,ml,rolling,6,0.35,11.248563857299207,7.7066456442061595,10.257492043002348,1.3222546859984232,2.718605782683197,20
workforce,workforce,lgbm_quantile,ml,rolling,7,0.7,11.698171036350589,5.912132854113405,10.337781316298834,0.8178308637465799,2.223129151264679,20
workforce,workforce,lgbm_quantile,ml,rolling,8,0.45,12.874416020641988,9.284986788648306,11.142416242916248,2.920887316013352,1.997216563031135,20
workforce,workforce,lgbm_quantile,ml,rolling,9,0.5,9.250073817645992,6.364068736751043,9.283389860248507,1.7886052103611063,1.708682160711734,20
workforce,workforce,lgbm_quantile,ml,rolling,10,0.5,7.022285758003352,4.677537812414151,6.165801805678386,1.2591528225647306,1.1201725550702066,20
workforce,workforce,lgbm_quantile,ml,rolling,11,0.55,5.146916587626178,3.1122068027208005,3.981934796182101,0.542469127995572,0.8630183438035539,20
workforce,workforce,lgbm_quantile,ml,rolling,12,0.5,12.761771254673494,9.01420114547856,10.66906444699006,2.2840419172080164,1.9463742391270968,20
workforce,workforce,lgbm_quantile,ml,rolling,13,0.55,12.672340974668078,6.8785855035318875,8.495495742759772,1.1625888146099972,1.8500049542993053,20
workforce,workforce,lgbm_quantile,ml,rolling,14,0.55,12.91973914448285,7.160186179059399,10.911938030456628,1.4144364377434724,3.116912678122987,20
workforce,workforce,lgbm_conformal,ml,rolling,1,0.95,35.87562845384004,6.734550017125879,7.989350715496311,0.7453704494667052,1.0544623986238872,20
workforce,workforce,lgbm_conformal,ml,rolling,2,1.0,34.63941692135534,4.460817348618184,5.6441246225577615,0.7425777654966395,0.9893930805711291,20
workforce,workforce,lgbm_conformal,ml,rolling,3,0.95,16.305097436546838,3.4770334257480293,4.649464105889391,0.42642746145846894,0.4432311628088666,20
workforce,workforce,lgbm_conformal,ml,rolling,4,0.95,13.610409518650476,2.752961229416896,3.4623529380827285,0.4779024135744575,0.35163452101500914,20
workforce,workforce,lgbm_conformal,ml,rolling,5,0.95,39.21478972637887,7.817623968140649,9.640571131123492,1.2222464921353375,1.1512905767020452,20
workforce,workforce,lgbm_conformal,ml,rolling,6,0.9,41.253622328340484,7.226993529351924,10.675945044878848,1.1208745479777644,1.8675623999549025,20
workforce,workforce,lgbm_conformal,ml,rolling,7,0.95,41.38614547735442,6.1037773996866695,10.73761084729538,1.0308722327336117,2.365526536607786,20
workforce,workforce,lgbm_conformal,ml,rolling,8,0.9,40.423813007056054,9.477947606439248,11.829994254934759,1.1333203222839985,1.5077960865535656,20
workforce,workforce,lgbm_conformal,ml,rolling,9,0.9,38.817332668567595,7.852043800185955,9.802895247952346,0.974901332187413,1.6266561097049692,20
workforce,workforce,lgbm_conformal,ml,rolling,10,0.85,18.52484458960506,5.512018227089742,6.867685776219446,0.5129952405533155,1.0818732906703086,20
workforce,workforce,lgbm_conformal,ml,rolling,11,0.85,14.849820231612494,3.612888232018655,4.500972867741657,0.4597041703389955,0.6427884306120499,20
workforce,workforce,lgbm_conformal,ml,rolling,12,0.95,40.42416187234262,9.084227310942131,12.00542304242293,0.9598005027373745,1.4676489076105135,20
workforce,workforce,lgbm_conformal,ml,rolling,13,0.95,41.92731044000467,6.91590994510982,9.541319392856648,0.8958684400141342,1.3865415133725878,20
workforce,workforce,lgbm_conformal,ml,rolling,14,0.95,42.110434115896645,7.932061505303854,11.267070244726764,1.093890944410005,2.0822586731215975,20
economic,economic,seasonal_naive,baseline,expanding,1,1.0,39.30766666666667,10.513333333333335,12.011451480427615,1.4436916666666668,0.521691666666667,6
economic,economic,seasonal_naive,baseline,expanding,2,1.0,39.307666666666655,9.876666666666665,11.43185024394564,1.454525,0.5108583333333335,6
economic,economic,seasonal_naive,baseline,expanding,3,1.0,39.30766666666667,9.058333333333332,11.029320770866473,1.4299416666666664,0.5354416666666671,6
economic,economic,seasonal_naive,baseline,expanding,4,1.0,39.30766666666667,9.993333333333334,11.261234390598572,1.4823583333333337,0.4830250000000003,6
economic,economic,seasonal_naive,baseline,expanding,5,1.0,39.30766666666666,8.969999999999999,10.25667424980762,1.4311916666666669,0.534191666666667,6
economic,economic,seasonal_naive,baseline,expanding,6,1.0,39.30766666666666,9.516666666666666,10.934082799515767,1.4086916666666667,0.5566916666666671,6
economic,economic,sarima,classical,expanding,1,1.0,11.706937652005346,1.9218510701275495,2.504224435180218,0.2996003115459222,0.28574657105434537,6
economic,economic,sarima,classical,expanding,2,1.0,15.335044773350631,2.2739828551252876,2.5848460027301376,0.4071723254907443,0.35957991317678767,6
economic,economic,sarima,classical,expanding,3,1.0,18.344238466298684,3.083984960491302,3.4613081837393613,0.5081436946281354,0.4090682286867992,6
economic,economic,sarima,classical,expanding,4,1.0,20.9825764267646,3.360707867036107,3.9368655356827866,0.609523233707369,0.43960558763086127,6
economic,economic,sarima,classical,expanding,5,1.0,23.338464371539374,4.177037177129321,5.370634525173728,0.7342395592364044,0.4326836593405646,6
economic,economic,sarima,classical,expanding,6,1.0,25.484372272097705,5.655590977911203,6.5611365242793065,0.8064635791646757,0.46775503444021016,6
economic,economic,ets,classical,expanding,1,1.0,10.979392752756082,1.8079347227055678,2.428531211286081,0.26603847967330424,0.28293115796450014,6
economic,economic,ets,classical,expanding,2,1.0,14.350479423276541,2.254902310463976,2.6058425783061794,0.3550965014921366,0.36242746967169087,6
economic,economic,ets,classical,expanding,3,1.0,17.068434909125916,3.415908997470865,3.657035557057707,0.43665957702752517,0.4167621684287712,6
economic,economic,ets,classical,expanding,4,1.0,19.409640633315767,3.460494584679708,4.222321453235521,0.5154705751880923,0.4550114564776966,6
economic,economic,ets,classical,expanding,5,1.0,21.497550418412704,4.620734928461857,5.769870798285886,0.6204491748713368,0.4544283460492988,6
economic,economic,ets,classical,expanding,6,1.0,23.400068057692994,5.511266052218076,7.101717004171356,0.6730429709091648,0.4969604319754855,6
economic,economic,prophet,gam,expanding,1,0.5,12.303152621079084,4.783954399738694,6.120436280237365,0.5049489792911813,1.2280198464583212,6
economic,economic,prophet,gam,expanding,2,0.5,12.29826626993952,5.431471424603146,6.29380347674151,0.44597505837331175,1.2587699004231954,6
economic,economic,prophet,gam,expanding,3,0.3333333333333333,12.402079013180009,6.349294484173261,6.812961298967913,0.6489670525731683,1.1692207327282078,6
economic,economic,prophet,gam,expanding,4,0.5,12.21058584292893,5.185598117424353,6.616172458443773,0.7950890726246106,1.244737265700791,6
economic,economic,prophet,gam,expanding,5,0.5,12.27989420874421,5.4450403361936095,6.729592518355515,0.9181930575669884,1.3580737363266893,6
economic,economic,prophet,gam,expanding,6,0.5,12.279089545471386,6.59782090688591,8.515666841995591,1.7541665504158164,1.5493584808769894,6
economic,economic,sktime_theta,gam,expanding,1,1.0,13.837365588126106,2.6269242851252748,3.796707427259028,0.4539010311611358,0.2379672482451698,6
economic,economic,sktime_theta,gam,expanding,2,1.0,16.616634792562678,1.970397268182083,2.514624547153166,0.49399548533826504,0.3368362542898693,6
economic,economic,sktime_theta,gam,expanding,3,1.0,18.993445459924654,2.996624129213378,3.9704922711120916,0.5148171081948983,0.43485516480133474,6
economic,economic,sktime_theta,gam,expanding,4,0.8333333333333334,21.104235771179436,5.673688663984545,6.689188771113713,0.6000762609889069,0.5836216602002328,6
economic,economic,sktime_theta,gam,expanding,5,0.8333333333333334,23.022298774360383,6.257190899943528,6.910642921599629,0.6695396506937433,0.5738884452798843,6
economic,economic,sktime_theta,gam,expanding,6,0.6666666666666666,24.792408602321473,7.9145469902088434,9.403919426979742,0.850075623439546,1.1283315644522414,6
economic,economic,lgbm_quantile,ml,expanding,1,0.6666666666666666,6.992756383989025,2.3259323854985374,3.1092719187473317,0.3907088251341843,0.7214737678197801,6
economic,economic,lgbm_quantile,ml,expanding,2,0.5,4.59133944855914,2.7099508063360296,3.90563774228905,0.547735787943346,0.9968430814606469,6
economic,economic,lgbm_quantile,ml,expanding,3,0.3333333333333333,3.762607829001155,4.082336506668142,5.311328112570139,1.4001408128079689,1.3905895253331515,6
economic,economic,lgbm_quantile,ml,expanding,4,0.3333333333333333,6.450885707673898,4.514624002014031,5.511711601630614,1.1954733108375855,1.789850476359532,6
economic,economic,lgbm_quantile,ml,expanding,5,0.16666666666666666,4.333165203101937,5.749501342379152,6.3058985028417105,1.3166348058209443,3.210385536030852,6
economic,economic,lgbm_quantile,ml,expanding,6,0.16666666666666666,5.220110268055341,6.5236513637447,7.310549891122605,1.7989693421278659,3.3322404126914225,6
economic,economic,lgbm_conformal,ml,expanding,1,1.0,15.638266971651072,2.8460411340415654,3.1867657464479877,0.4457299051387464,0.3361834434438076,6
economic,economic,lgbm_conformal,ml,expanding,2,0.8333333333333334,17.738257840629302,3.0642550459272684,4.140049997564217,0.5087369375586228,0.8600733652068021,6
economic,economic,lgbm_conformal,ml,expanding,3,0.8333333333333334,19.958718434853193,4.521593260184872,5.798934010949471,0.570130016551953,1.058457125447203,6
economic,economic,lgbm_conformal,ml,expanding,4,0.8333333333333334,21.796959356404056,5.639025820095848,6.767194148614505,0.6535334767087456,0.8808612437108035,6
economic,economic,lgbm_conformal,ml,expanding,5,0.8333333333333334,21.95723846413705,6.319384069442681,7.475859747024832,0.6500907038475874,1.216741947180445,6
economic,economic,lgbm_conformal,ml,expanding,6,0.5,22.88324667878038,6.949711727733018,8.379184475388044,0.733255911342619,0.9682161695464306,6
economic,economic,seasonal_naive,baseline,rolling,1,1.0,42.45666666666668,10.513333333333335,12.011451480427615,1.5224166666666668,0.6004166666666673,6
economic,economic,seasonal_naive,baseline,rolling,2,1.0,42.45666666666667,9.876666666666665,11.43185024394564,1.53325,0.5895833333333341,6
economic,economic,seasonal_naive,baseline,rolling,3,1.0,42.456666666666656,9.058333333333332,11.029320770866473,1.5086666666666666,0.6141666666666671,6
economic,economic,seasonal_naive,baseline,rolling,4,1.0,42.45666666666667,9.993333333333334,11.261234390598572,1.5610833333333336,0.5617500000000005,6
economic,economic,seasonal_naive,baseline,rolling,5,1.0,42.456666666666656,8.969999999999999,10.25667424980762,1.5099166666666666,0.6129166666666673,6
economic,economic,seasonal_naive,baseline,rolling,6,1.0,42.456666666666656,9.516666666666666,10.934082799515767,1.4874166666666664,0.6354166666666673,6
economic,economic,sarima,classical,rolling,1,1.0,8.323446947387167,1.7990657460587112,2.5120034564377405,0.20299523333353056,0.21317711403582792,6
economic,economic,sarima,classical,rolling,2,1.0,10.503109086703459,2.0029797084048986,2.398783976085152,0.2542385180205186,0.2709169363146546,6
economic,economic,sarima,classical,rolling,3,1.0,13.065725847409718,2.307483092291823,2.62765484945331,0.3262946209488943,0.32699167142159197,6
economic,economic,sarima,classical,rolling,4,0.8333333333333334,15.045912804683788,2.621438830942637,3.3099994619199697,0.4050311410863836,0.4430384059824622,6
economic,economic,sarima,classical,rolling,5,0.8333333333333334,17.20937939763606,3.777998161377141,4.599219628563081,0.5039422947327591,0.6741046334929527,6
economic,economic,sarima,classical,rolling,6,0.8333333333333334,19.107855785857982,5.047402305826722,6.046396373747315,0.5695781138628205,1.1239211127055884,6
economic,economic,ets,classical,rolling,1,1.0,10.726768040096784,1.889436975146424,2.4737385026867638,0.27061003478592566,0.26572836721891374,6
economic,economic,ets,classical,rolling,2,1.0,14.003365577623745,2.3931036330198054,2.7164843583158187,0.3670456435041894,0.33312263537699804,6
economic,economic,ets,classical,rolling,3,1.0,16.69834841302599,3.4184023214565733,3.653614397503849,0.45819596059251794,0.3767214600587819,6
economic,economic,ets,classical,rolling,4,1.0,19.055786069300463,3.391862190193398,3.978791081995674,0.5479498338643763,0.4048394696006472,6
economic,economic,ets,classical,rolling,5,1.0,21.184335437976415,4.2365581731827575,5.4393343571268025,0.6648165692994062,0.39440020259941483,6
economic,economic,ets,classical,rolling,6,1.0,23.143526790670354,5.689443123154892,6.728207149507539,0.7299990024333147,0.4271773371002036,6
economic,economic,prophet,gam,rolling,1,0.6666666666666666,7.101381952227167,4.092410088301079,5.479812091805661,0.3311699090279966,1.5987768801453657,6
economic,economic,prophet,gam,rolling,2,0.5,7.398957197127447,4.372746484918466,5.348166222731109,0.7191796871992507,1.3829633042338907,6
economic,economic,prophet,gam,rolling,3,0.3333333333333333,7.2516246027392555,5.614168411223346,6.100099267137564,1.2183147767106846,1.5489256137511516,6
economic,economic,prophet,gam,rolling,4,0.3333333333333333,7.525245301977378,5.689263346425501,6.7394513847037265,1.3575992303267075,1.6686794393977034,6
economic,economic,prophet,gam,rolling,5,0.16666666666666666,7.810869266574659,6.6399327932384296,7.166482601911134,1.550588741568311,1.7953285422408254,6
economic,economic,prophet,gam,rolling,6,0.3333333333333333,8.343810213610496,7.425357442188424,8.392610054920668,2.1449540303054073,2.0908563563503995,6
economic,economic,sktime_theta,gam,rolling,1,0.8333333333333334,13.197032237294591,2.7331355624951357,4.568909421627878,0.45340452042390367,0.8105803068829444,6
economic,economic,sktime_theta,gam,rolling,2,0.8333333333333334,15.76712926686483,1.9485670954053613,3.436236979279334,0.4706414770852212,0.32850586213440663,6
economic,economic,sktime_theta,gam,rolling,3,0.8333333333333334,17.972594594194703,3.7399225001510152,5.0503067462046385,0.5326718506942953,0.5149128800978818,6
economic,economic,sktime_theta,gam,rolling,4,0.8333333333333334,19.935232262862144,6.68886568520692,7.610448497081391,0.5893241084139756,1.1097485326718162,6
economic,economic,sktime_theta,gam,rolling,5,0.8333333333333334,21.721102873114507,6.040585590729838,7.370125903895297,0.6362838958390621,0.9930482454879154,6
economic,economic,sktime_theta,gam,rolling,6,0.6666666666666666,23.370821807307077,7.621771585127033,9.031262179581507,0.7258991670765536,1.2690891659683168,6
economic,economic,lgbm_quantile,ml,rolling,1,0.6666666666666666,7.185480243645164,2.3219513701587764,2.5832875785018508,0.26182205689788224,0.9546516237934252,6
economic,economic,lgbm_quantile,ml,rolling,2,0.6666666666666666,6.803508893934357,2.9948637781249183,3.6271932739508848,0.25676792414301214,1.1811244253064779,6
economic,economic,lgbm_quantile,ml,rolling,3,0.5,4.46566346322076,4.230935663536016,5.293014414956878,0.7603025493495501,1.9081230099984703,6
economic,economic,lgbm_quantile,ml,rolling,4,0.3333333333333333,5.8569625549645865,4.7539744425144095,5.850398286005577,1.0393267914093929,2.2605291716473315,6
economic,economic,lgbm_quantile,ml,rolling,5,0.16666666666666666,4.058180420950109,6.1940540297503,6.944483902909682,1.190725648346708,3.733578818852795,6
economic,economic,lgbm_quantile,ml,rolling,6,0.16666666666666666,5.361251830211434,7.0014020623646145,8.113956083064059,1.5284199867131287,3.7178946495424063,6
economic,economic,lgbm_conformal,ml,rolling,1,1.0,15.337765442904336,2.475886596241523,2.7765006873162084,0.4426943161375281,0.3241939560076892,6
economic,economic,lgbm_conformal,ml,rolling,2,1.0,17.515673686084387,2.795283658955668,3.5520269692534385,0.513399164781536,0.36238451952268386,6
economic,economic,lgbm_conformal,ml,rolling,3,0.8333333333333334,18.483242222426895,4.24903318589909,5.326232960865845,0.8539422662775439,0.3938122360237018,6
economic,economic,lgbm_conformal,ml,rolling,4,0.5,19.539835556219458,5.41610470496001,6.453088214301749,0.8158629271991692,0.5316387894863189,6
economic,economic,lgbm_conformal,ml,rolling,5,0.6666666666666666,20.50130848189562,6.693476040143442,7.532541441353159,1.0414516806915783,0.7917978309604305,6
economic,economic,lgbm_conformal,ml,rolling,6,0.5,20.899455000400668,7.536534140640863,8.626290548591426,1.4296094706452944,0.8425610657749648,6
intermittent,SKU-C3087,seasonal_naive,baseline,expanding,1,0.875,3.375,1.0,2.0615528128088303,0.25625,0.16250000000000014,8
intermittent,SKU-C3087,seasonal_naive,baseline,expanding,2,0.875,3.375,1.0,2.0615528128088303,0.25625,0.16250000000000014,8
intermittent,SKU-C3087,seasonal_naive,baseline,expanding,3,0.875,3.0,1.125,2.57390753524675,0.05625000000000001,0.5937500000000001,8
intermittent,SKU-C3087,seasonal_naive,baseline,expanding,4,1.0,3.125,0.125,0.3535533905932738,0.0,0.15625000000000014,8
intermittent,SKU-C3087,seasonal_naive,baseline,expanding,5,0.875,3.375,1.0,2.5,0.48124999999999996,0.18750000000000017,8
intermittent,SKU-C3087,seasonal_naive,baseline,expanding,6,0.875,3.375,0.5,1.4142135623730951,0.11875,0.17500000000000016,8
intermittent,SKU-C3087,seasonal_naive,baseline,expanding,7,1.0,3.0,0.75,1.5,0.037500000000000006,0.1125000000000001,8
intermittent,SKU-C3087,seasonal_naive,baseline,expanding,8,0.75,3.375,1.25,2.5,0.26875,0.40000000000000013,8
intermittent,SKU-C3087,seasonal_naive,baseline,expanding,9,0.75,3.375,1.25,2.5,0.26875,0.40000000000000013,8
intermittent,SKU-C3087,seasonal_naive,baseline,expanding,10,1.0,3.0,0.0,0.0,0.0,0.15000000000000013,8
intermittent,SKU-C3087,seasonal_naive,baseline,expanding,11,1.0,3.125,0.25,0.5,0.00625,0.15000000000000013,8
intermittent,SKU-C3087,seasonal_naive,baseline,expanding,12,0.875,3.375,0.875,2.4748737341529163,0.0625,0.6062500000000001,8
intermittent,SKU-C3087,seasonal_naive,baseline,expanding,13,0.75,3.375,1.0,2.0,0.14375,0.27500000000000013,8
intermittent,SKU-C3087,seasonal_naive,baseline,expanding,14,1.0,3.0,0.0,0.0,0.0,0.15000000000000013,8
intermittent,SKU-C3087,sarima,classical,expanding,1,0.875,2.690241175503272,0.640824671195285,0.9924738288898713,0.018750000000000003,0.1522442858631129,8
intermittent,SKU-C3087,sarima,classical,expanding,2,0.875,2.6836450466772965,0.6360010632318431,0.9929730130642614,0.018750000000000003,0.15292847458303635,8
intermittent,SKU-C3087,sarima,classical,expanding,3,0.875,2.6759634510841535,1.299741133903065,2.4527408964977293,0.05625000000000001,0.620673542794617,8
intermittent,SKU-C3087,sarima,classical,expanding,4,1.0,2.677497848430309,0.3418336018807337,0.3425067837765079,0.0,0.13387489242151557,8
intermittent,SKU-C3087,sarima,classical,expanding,5,1.0,2.6863978025372486,0.3875949141729118,0.4014194409278082,0.00625,0.12806989012686254,8
intermittent,SKU-C3087,sarima,classical,expanding,6,1.0,2.679669258175393,0.3440063318854253,0.34482960420194014,0.0,0.13398346290876978,8
intermittent,SKU-C3087,sarima,classical,expanding,7,0.75,2.675728437851187,0.9176803039632865,1.3597417435670633,0.037500000000000006,0.1734448872395187,8
intermittent,SKU-C3087,sarima,classical,expanding,8,0.875,2.6796755741966902,0.881508420640202,1.6754187882344782,0.03125,0.3900538596039943,8
intermittent,SKU-C3087,sarima,classical,expanding,9,0.875,2.6795310934334697,0.890557155732581,1.6890502551561974,0.03125,0.4022113995261714,8
intermittent,SKU-C3087,sarima,classical,expanding,10,1.0,2.679459335397244,0.34361473230825024,0.34421905855851703,0.0,0.1339729667698623,8
intermittent,SKU-C3087,sarima,classical,expanding,11,1.0,2.6793875976757198,0.3733120969691168,0.38497779794290526,0.00625,0.1277193798837861,8
intermittent,SKU-C3087,sarima,classical,expanding,12,0.75,2.6793158802623256,1.9288473299126232,3.349031974787011,0.08750000000000001,1.1370579377960024,8
intermittent,SKU-C3087,sarima,classical,expanding,13,0.875,2.679244183150492,0.7639727295957186,1.3418753712549154,0.025,0.27676651096790644,8
intermittent,SKU-C3087,sarima,classical,expanding,14,1.0,2.679172506333652,0.34333059247187,0.3439444388916657,0.0,0.1339586253166827,8
intermittent,SKU-C3087,ets,classical,expanding,1,0.875,2.719195592521046,0.6548209196881621,0.9914741728470148,0.018750000000000003,0.1500468660454638,8
intermittent,SKU-C3087,ets,classical,expanding,2,0.875,2.71919560424846,0.6548209196881621,0.9914741728470148,0.018750000000000003,0.15004686515574955,8
intermittent,SKU-C3087,ets,classical,expanding,3,0.875,2.719195615975875,1.3130448642447812,2.436183615221556,0.05625000000000001,0.615077460118258,8
intermittent,SKU-C3087,ets,classical,expanding,4,1.0,2.7191956277032885,0.3737127451991621,0.3737599656941229,0.0,0.13595978138516454,8
intermittent,SKU-C3087,ets,classical,expanding,5,1.0,2.719195639430702,0.40426937286202413,0.41261742524829703,0.00625,0.12970978197153524,8
intermittent,SKU-C3087,ets,classical,expanding,6,1.0,2.719195651158116,0.3737127451991621,0.3737599656941229,0.0,0.13595978255790592,8
intermittent,SKU-C3087,ets,classical,expanding,7,0.75,2.7191956628855305,0.9362771557539176,1.351809803049208,0.037500000000000006,0.16575523285644989,8
intermittent,SKU-C3087,ets,classical,expanding,8,0.875,2.719195674612944,0.9048209196881621,1.6718963437966698,0.03125,0.3875468598174639,8
intermittent,SKU-C3087,ets,classical,expanding,9,0.875,2.719195686340358,0.9076819586090893,1.6761690186270917,0.03125,0.3964459892732336,8
intermittent,SKU-C3087,ets,classical,expanding,10,1.0,2.7191956980677716,0.3737127451991621,0.3737599656941229,0.0,0.1359597849033887,8
intermittent,SKU-C3087,ets,classical,expanding,11,1.0,2.7191957097951853,0.40264621521505944,0.4106458108535497,0.00625,0.1297097854897594,8
intermittent,SKU-C3087,ets,classical,expanding,12,0.75,2.719195721522599,1.9392402215236375,3.331424447023675,0.08750000000000001,1.1266941891296356,8
intermittent,SKU-C3087,ets,classical,expanding,13,0.875,2.7191957332500127,0.7820387166045741,1.3315406105625618,0.025,0.2713274512922004,8
intermittent,SKU-C3087,ets,classical,expanding,14,1.0,2.7191957449774264,0.3737127451991621,0.3737599656941229,0.0,0.13595978724887142,8
intermittent,SKU-C3087,prophet,gam,expanding,1,0.875,2.624910332851272,0.6064908626060648,0.9388493253449072,0.018750000000000003,0.13818406709734946,8
intermittent,SKU-C3087,prophet,gam,expanding,2,1.0,2.874501980888388,0.7534314101611921,0.9798563141668334,0.018750000000000003,0.1249750990444195,8
intermittent,SKU-C3087,prophet,gam,expanding,3,0.875,2.9263259337539234,1.495838254963887,2.5723559035831394,0.05625000000000001,0.677159848115787,8
intermittent,SKU-C3087,prophet,gam,expanding,4,1.0,2.5908410852131336,0.36226467866025314,0.4747083678393583,0.0,0.1295420542606568,8
intermittent,SKU-C3087,prophet,gam,expanding,5,1.0,3.065839227782784,0.6553887223485179,0.7814305869600807,0.00625,0.14704196138913933,8
intermittent,SKU-C3087,prophet,gam,expanding,6,1.0,2.7931996778875288,0.5328912433938358,0.6605326474181278,0.0,0.13965998389437656,8
intermittent,SKU-C3087,prophet,gam,expanding,7,1.0,3.056360491991777,0.8952276465952178,1.0594315766367346,0.037500000000000006,0.11531802459958895,8
intermittent,SKU-C3087,prophet,gam,expanding,8,0.875,2.720684877530072,0.9956937581721044,1.7523556768607027,0.03125,0.3858454213886119,8
intermittent,SKU-C3087,prophet,gam,expanding,9,0.875,2.977677140416155,1.2427118110635076,1.8411258492633484,0.03125,0.43658957478079263,8
intermittent,SKU-C3087,prophet,gam,expanding,10,1.0,3.04501950318613,0.7481197782468959,0.8427330496807954,0.0,0.15225097515930663,8
intermittent,SKU-C3087,prophet,gam,expanding,11,1.0,2.693138958851307,0.45378130937730093,0.5913668266225554,0.00625,0.12840694794256546,8
intermittent,SKU-C3087,prophet,gam,expanding,12,0.75,3.135914242250334,2.196184927614656,3.186104584950297,0.08750000000000001,1.04162731369393,8
intermittent,SKU-C3087,prophet,gam,expanding,13,0.875,2.8929529262003415,1.008275919925851,1.4373471476954152,0.025,0.28662718445188506,8
intermittent,SKU-C3087,prophet,gam,expanding,14,1.0,3.161377506124234,0.8541106791676158,0.9155002606920543,0.0,0.15806887530621183,8
intermittent,SKU-C3087,sktime_theta,gam,expanding,1,0.875,2.5062067650907247,0.5169628051383135,1.029383490942099,0.018750000000000003,0.17210912689519636,8
intermittent,SKU-C3087,sktime_theta,gam,expanding,2,0.875,2.742940720370481,0.685766777387834,0.996692373835003,0.018750000000000003,0.14998083314406643,8
intermittent,SKU-C3087,sktime_theta,gam,expanding,3,0.875,2.785690015421178,1.363516839657381,2.434132012878213,0.05625000000000001,0.6185503218914457,8
intermittent,SKU-C3087,sktime_theta,gam,expanding,4,1.0,2.4354894410666006,0.10377623133306128,0.10512822508229942,0.0,0.12177447205333013,8
intermittent,SKU-C3087,sktime_theta,gam,expanding,5,1.0,2.903734046390322,0.5546695612934869,0.5573882371865527,0.00625,0.13893670231951621,8
intermittent,SKU-C3087,sktime_theta,gam,expanding,6,1.0,2.6317411093228795,0.30002789958933973,0.30112242568786796,0.0,0.13158705546614408,8
intermittent,SKU-C3087,sktime_theta,gam,expanding,7,0.75,2.8051749861574993,0.9868286255050858,1.3285217330549297,0.037500000000000006,0.14911012313827846,8
intermittent,SKU-C3087,sktime_theta,gam,expanding,8,0.875,2.5060219509632558,0.7668115880600626,1.7305151890298112,0.03125,0.4096166847134327,8
intermittent,SKU-C3087,sktime_theta,gam,expanding,9,0.875,2.742755906243012,0.9446115775683198,1.684481732968299,0.03125,0.3988849442569928,8
intermittent,SKU-C3087,sktime_theta,gam,expanding,10,1.0,2.7855052012937094,0.4537919915601687,0.4554226792979678,0.0,0.1392752600646856,8
intermittent,SKU-C3087,sktime_theta,gam,expanding,11,1.0,2.435304626939131,0.19598573810992606,0.32158061255160786,0.00625,0.11551523134695665,8
intermittent,SKU-C3087,sktime_theta,gam,expanding,12,0.75,2.9035492322628524,2.0537986575400486,3.2713247825800393,0.08750000000000001,1.0973123278740193,8
intermittent,SKU-C3087,sktime_theta,gam,expanding,13,0.875,2.63155629519541,0.7336733396168691,1.3512564513223544,0.025,0.28167336989134273,8
intermittent,SKU-C3087,sktime_theta,gam,expanding,14,1.0,2.8049901720300308,0.4732769622964889,0.47402837869882186,0.0,0.14024950860150165,8
intermittent,SKU-C3087,lgbm_quantile,ml,expanding,1,0.875,1.12973572194866,0.4248232439915669,1.0514761887250157,0.01898561010279325,0.037749186629158986,8
intermittent,SKU-C3087,lgbm_quantile,ml,expanding,2,0.875,1.1614869718695053,0.39517097296011294,1.0427715690956088,0.01900616929328007,0.039337831187858455,8
intermittent,SKU-C3087,lgbm_quantile,ml,expanding,3,0.875,0.6821378970369287,1.2699557562514856,2.5903971926949434,0.05623451525123707,0.8424170369180526,8
intermittent,SKU-C3087,lgbm_quantile,ml,expanding,4,0.875,0.8857778680914593,0.12293541573098553,0.23171380490233617,0.0003126234344609707,0.04430534726954463,8
intermittent,SKU-C3087,lgbm_quantile,ml,expanding,5,0.875,2.2417908121420433,0.3680103852230081,0.6807404043193356,0.006596636086924328,0.10585778461167725,8
intermittent,SKU-C3087,lgbm_quantile,ml,expanding,6,0.875,0.9266286790254288,0.08921116353782442,0.1887159539807557,0.00035161981238528356,0.046349940257186494,8
intermittent,SKU-C3087,lgbm_quantile,ml,expanding,7,0.75,0.5991847419390097,0.751953221238026,1.4992845287197236,0.03748196464478653,0.5821400995789552,8
intermittent,SKU-C3087,lgbm_quantile,ml,expanding,8,0.75,0.4653682015597277,0.6742445307751241,1.77016642952229,0.03160052809186869,0.5948354458401549,8
intermittent,SKU-C3087,lgbm_quantile,ml,expanding,9,0.75,0.7296324119883726,0.7795715178387734,1.801969285714486,0.03160150391846091,0.6070622573134047,8
intermittent,SKU-C3087,lgbm_quantile,ml,expanding,10,0.875,0.7668615025599882,0.3506267870395674,0.6120660569272591,0.00024452126911445743,0.03835594466847915,8
intermittent,SKU-C3087,lgbm_quantile,ml,expanding,11,0.75,0.9921450717143723,0.3700390005312652,0.648919101041447,0.0064943223466429984,0.08972401876493002,8
intermittent,SKU-C3087,lgbm_quantile,ml,expanding,12,0.625,2.190244277374045,2.055467077882611,3.4872280413409977,0.08777716938838635,1.4586143646508924,8
intermittent,SKU-C3087,lgbm_quantile,ml,expanding,13,0.75,1.4587315436397867,0.6667840284190193,1.4546743728816516,0.02528594348271371,0.43150830616669655,8
intermittent,SKU-C3087,lgbm_quantile,ml,expanding,14,0.875,2.0879383661485806,0.1289542808526323,0.2770569808580725,0.0002200089833163138,0.10440849772760366,8
intermittent,SKU-C3087,lgbm_conformal,ml,expanding,1,0.875,2.1511926927567604,0.44790842547925047,0.8368020376259611,0.018750000000000003,0.13476063496676743,8
intermittent,SKU-C3087,lgbm_conformal,ml,expanding,2,1.0,2.3449493119834326,0.2945695299000971,0.3916251796266189,0.009212199402478971,0.10803526619669276,8
intermittent,SKU-C3087,lgbm_conformal,ml,expanding,3,0.875,2.3607981656372004,1.3508151828161827,2.5612244599583853,0.05625000000000001,0.823115013281914,8
intermittent,SKU-C3087,lgbm_conformal,ml,expanding,4,1.0,2.017687908458295,0.18411169161810328,0.3048135670798009,0.0,0.10088439542291483,8
intermittent,SKU-C3087,lgbm_conformal,ml,expanding,5,0.5,2.9894013482166972,1.3879142068718417,2.033770725888242,0.37973472640587347,0.16287715827430205,8
intermittent,SKU-C3087,lgbm_conformal,ml,expanding,6,0.875,2.0280006839332003,0.28585241903913766,0.5115382912329868,0.048251202420393685,0.10393957116615452,8
intermittent,SKU-C3087,lgbm_conformal,ml,expanding,7,0.75,2.121663104005269,0.8103128297064641,1.2448738445412992,0.037268513714283094,0.26323313274053717,8
intermittent,SKU-C3087,lgbm_conformal,ml,expanding,8,0.875,2.1733437495615426,0.9862360162753102,1.869704756467137,0.03125,0.5263329931821498,8
intermittent,SKU-C3087,lgbm_conformal,ml,expanding,9,0.75,2.3800265772794633,1.2046668650318606,2.0028189750505874,0.05803208431581187,0.4951719719429353,8
intermittent,SKU-C3087,lgbm_conformal,ml,expanding,10,0.875,2.439174663094187,0.6694176512167509,0.938669859227327,0.057986739536347365,0.12501066681451722,8
intermittent,SKU-C3087,lgbm_conformal,ml,expanding,11,0.875,2.2600201720036956,0.37473970236830456,0.5613209529459962,0.05753596210862459,0.10945026976379671,8
intermittent,SKU-C3087,lgbm_conformal,ml,expanding,12,0.375,2.8321541928463345,2.7541763234682306,3.732812754149169,0.3954268041155573,1.1647135535755775,8
intermittent,SKU-C3087,lgbm_conformal,ml,expanding,13,0.75,2.392116362192808,0.9771072181671285,1.6775286452289888,0.06067809214116571,0.4572781929011902,8
intermittent,SKU-C3087,lgbm_conformal,ml,expanding,14,0.75,2.4406328044829255,0.8301035277559872,1.3240779570090078,0.2614060371429061,0.135789852705352,8
intermittent,SKU-C3087,seasonal_naive,baseline,rolling,1,0.875,4.037500000000001,1.0,2.0615528128088303,0.1375,0.18937500000000024,8
intermittent,SKU-C3087,seasonal_naive,baseline,rolling,2,0.875,3.9125000000000014,1.0,2.0615528128088303,0.25625,0.18937500000000024,8
intermittent,SKU-C3087,seasonal_naive,baseline,rolling,3,0.875,3.5375000000000014,1.125,2.57390753524675,0.05625000000000001,0.49562500000000015,8
intermittent,SKU-C3087,seasonal_naive,baseline,rolling,4,1.0,3.6625000000000014,0.125,0.3535533905932738,0.0,0.18312500000000023,8
intermittent,SKU-C3087,seasonal_naive,baseline,rolling,5,0.875,3.9125000000000014,1.0,2.5,0.48124999999999996,0.21437500000000026,8
intermittent,SKU-C3087,seasonal_naive,baseline,rolling,6,1.0,4.037500000000001,0.5,1.4142135623730951,0.0,0.20187500000000025,8
intermittent,SKU-C3087,seasonal_naive,baseline,rolling,7,1.0,3.5375000000000014,0.75,1.5,0.037500000000000006,0.1393750000000002,8
intermittent,SKU-C3087,seasonal_naive,baseline,rolling,8,0.75,4.037500000000001,1.25,2.5,0.15,0.3018750000000002,8
intermittent,SKU-C3087,seasonal_naive,baseline,rolling,9,0.75,3.9125000000000014,1.25,2.5,0.26875,0.4268750000000002,8
intermittent,SKU-C3087,seasonal_naive,baseline,rolling,10,1.0,3.5375000000000014,0.0,0.0,0.0,0.17687500000000023,8
intermittent,SKU-C3087,seasonal_naive,baseline,rolling,11,1.0,3.6625000000000014,0.25,0.5,0.00625,0.17687500000000023,8
intermittent,SKU-C3087,seasonal_naive,baseline,rolling,12,0.875,3.9125000000000014,0.875,2.4748737341529163,0.0625,0.6331250000000002,8
intermittent,SKU-C3087,seasonal_naive,baseline,rolling,13,1.0,4.037500000000001,1.0,2.0,0.025,0.17687500000000023,8
intermittent,SKU-C3087,seasonal_naive,baseline,rolling,14,1.0,3.5375000000000014,0.0,0.0,0.0,0.17687500000000023,8
intermittent,SKU-C3087,sarima,classical,rolling,1,0.875,2.4334102472847574,0.4837116263878667,0.942636750793487,0.018750000000000003,0.13792505973981847,8
intermittent,SKU-C3087,sarima,classical,rolling,2,0.875,2.3623248054151573,0.4614352445390366,1.0550637104501543,0.018750000000000003,0.1801469689569103,8
intermittent,SKU-C3087,sarima,classical,rolling,3,0.875,2.3170609912227538,1.221558283602307,2.5540523972864073,0.05625000000000001,0.6250425202633063,8
intermittent,SKU-C3087,sarima,classical,rolling,4,1.0,2.590254083246694,0.31068000538647966,0.3840610444418333,0.0,0.12951270416233482,8
intermittent,SKU-C3087,sarima,classical,rolling,5,1.0,2.368889353462832,0.18033813741630725,0.3076401937197558,0.00625,0.11219446767314172,8
intermittent,SKU-C3087,sarima,classical,rolling,6,1.0,2.4446747155503403,0.15821927484593312,0.19719883516419923,0.0,0.12223373577751714,8
intermittent,SKU-C3087,sarima,classical,rolling,7,0.75,2.4703891021598103,0.7907412747597129,1.3753153810086898,0.037500000000000006,0.18897125994339514,8
intermittent,SKU-C3087,sarima,classical,rolling,8,0.875,2.471959065072474,0.7283927403903667,1.6495856725617444,0.03125,0.3802888141214251,8
intermittent,SKU-C3087,sarima,classical,rolling,9,0.875,2.42613700748525,0.6995645297680709,1.714947841999303,0.03125,0.4213682186234818,8
intermittent,SKU-C3087,sarima,classical,rolling,10,1.0,2.367466866062779,0.13100251507605754,0.1676087425353452,0.0,0.11837334330313903,8
intermittent,SKU-C3087,sarima,classical,rolling,11,1.0,2.592491762338706,0.22779988607895163,0.25308293532922455,0.00625,0.12337458811693539,8
intermittent,SKU-C3087,sarima,classical,rolling,12,0.75,2.422408572074609,1.8008856686759163,3.4138170339315765,0.08750000000000001,1.192851493291979,8
intermittent,SKU-C3087,sarima,classical,rolling,13,0.875,2.46693946720508,0.6594430730464764,1.4274496668497276,0.025,0.29835400620888924,8
intermittent,SKU-C3087,sarima,classical,rolling,14,1.0,2.4902308860611133,0.1817734858574775,0.19722992946523618,0.0,0.12451154430305578,8
intermittent,SKU-C3087,ets,classical,rolling,1,0.875,2.6995454687083362,0.5922362668984045,0.975647058015957,0.018750000000000003,0.1339657543839937,8
intermittent,SKU-C3087,ets,classical,rolling,2,0.875,2.699150513246636,0.5918413009305641,0.9755930068513207,0.018750000000000003,0.1339460057796576,8
intermittent,SKU-C3087,ets,classical,rolling,3,0.875,2.6987555579334312,1.3694983137709924,2.540026581294869,0.05625000000000001,0.6259996798457926,8
intermittent,SKU-C3087,ets,classical,rolling,4,1.0,2.6983606027402116,0.30960480371063637,0.327467294929988,0.0,0.1349180301370107,8
intermittent,SKU-C3087,ets,classical,rolling,5,1.0,2.697965647644133,0.3376371305946886,0.3681852752531197,0.00625,0.12864828238220677,8
intermittent,SKU-C3087,ets,classical,rolling,6,1.0,2.6975706926268894,0.30881486966346977,0.3271584095489895,0.0,0.13487853463134458,8
intermittent,SKU-C3087,ets,classical,rolling,7,0.75,2.6971757376738164,0.9354008651822726,1.4099206653165974,0.037500000000000006,0.17919421711081876,8
intermittent,SKU-C3087,ets,classical,rolling,8,0.875,2.6967807827731614,0.8394715029342952,1.6625487207838958,0.03125,0.37132751207620596,8
intermittent,SKU-C3087,ets,classical,rolling,9,0.875,2.69638582791551,0.8483868914945523,1.676461539271132,0.03125,0.41173011271447657,8
intermittent,SKU-C3087,ets,classical,rolling,10,1.0,2.6959908730933204,0.3072350022013943,0.3265626970872872,0.0,0.13479954365466615,8
intermittent,SKU-C3087,ets,classical,rolling,11,1.0,2.695595918300548,0.32773298685294383,0.3569900694149651,0.00625,0.1285297959150275,8
intermittent,SKU-C3087,ets,classical,rolling,12,0.75,2.6952009635323524,1.8831643096272925,3.3381867318042895,0.08750000000000001,1.1520296876380343,8
intermittent,SKU-C3087,ets,classical,rolling,13,0.875,2.6948060087848553,0.7800291398599266,1.4150195690868195,0.025,0.2840016909781195,8
intermittent,SKU-C3087,ets,classical,rolling,14,1.0,2.694411054054952,0.3056551351536593,0.32599652873279317,0.0,0.13472055270274771,8
intermittent,SKU-C3087,prophet,gam,rolling,1,0.875,2.4378269828430414,0.7421426447062158,1.180469486059128,0.018750000000000003,0.33303407136613533,8
intermittent,SKU-C3087,prophet,gam,rolling,2,0.875,2.5974127247892187,0.8337015800892495,1.239739880224265,0.018750000000000003,0.36013705502509163,8
intermittent,SKU-C3087,prophet,gam,rolling,3,0.875,2.771735161321944,1.373774323923941,2.523331787544497,0.05625000000000001,0.6402485177083579,8
intermittent,SKU-C3087,prophet,gam,rolling,4,1.0,2.384436288467559,0.3501126078950074,0.5331895725687,0.0,0.11922181442337805,8
intermittent,SKU-C3087,prophet,gam,rolling,5,1.0,2.9127854360455756,0.6509881694971743,0.8536901529475456,0.00625,0.1393892718022789,8
intermittent,SKU-C3087,prophet,gam,rolling,6,1.0,2.3983556819292255,0.4095368960065872,0.5923288413840647,0.0,0.1199177840964614,8
intermittent,SKU-C3087,prophet,gam,rolling,7,1.0,2.729331752520275,0.7191022791397556,0.9330987247281506,0.037500000000000006,0.09896658762601386,8
intermittent,SKU-C3087,prophet,gam,rolling,8,0.875,2.5046818067317953,1.1342445247136137,1.891373594920894,0.03125,0.7189840903365898,8
intermittent,SKU-C3087,prophet,gam,rolling,9,0.875,2.58316583847522,1.104793066666505,1.7524746201915267,0.03125,0.3953705878476601,8
intermittent,SKU-C3087,prophet,gam,rolling,10,1.0,2.7826965485558324,0.7957991103172846,0.9481256949859326,0.0,0.1391348274277917,8
intermittent,SKU-C3087,prophet,gam,rolling,11,1.0,2.4929122684862657,0.5634248332097698,0.6925978077808952,0.00625,0.11839561342431337,8
intermittent,SKU-C3087,prophet,gam,rolling,12,0.75,2.9517417358017175,2.1663539412948944,3.133679165150944,0.08750000000000001,1.039457971670722,8
intermittent,SKU-C3087,prophet,gam,rolling,13,0.875,2.52627200625202,0.9487588230155448,1.467747810470612,0.025,0.2633385384447261,8
intermittent,SKU-C3087,prophet,gam,rolling,14,1.0,2.7946335168445726,0.7768132733327582,0.8903377243279815,0.0,0.1397316758422288,8
intermittent,SKU-C3087,sktime_theta,gam,rolling,1,0.875,2.483440898942173,0.4945014206280884,1.0718730611828984,0.018750000000000003,0.17725432720928586,8
intermittent,SKU-C3087,sktime_theta,gam,rolling,2,0.875,2.6013207474541775,0.5777802807014951,1.0558391150889166,0.018750000000000003,0.16606667725588004,8
intermittent,SKU-C3087,sktime_theta,gam,rolling,3,0.875,2.7827106149127205,1.3130237122933401,2.4300199282466646,0.05625000000000001,0.6019548436041873,8
intermittent,SKU-C3087,sktime_theta,gam,rolling,4,1.0,2.3897293873337855,0.027812374308736627,0.04295147050616698,0.0,0.11948646936668939,8
intermittent,SKU-C3087,sktime_theta,gam,rolling,5,1.0,2.9031395620240246,0.518042932836116,0.5335488731668874,0.00625,0.13890697810120134,8
intermittent,SKU-C3087,sktime_theta,gam,rolling,6,1.0,2.3984703891450785,0.04246697619509572,0.05985867606019769,0.0,0.11992351945725405,8
intermittent,SKU-C3087,sktime_theta,gam,rolling,7,0.875,2.7211821682014032,0.8940129105357764,1.3335834057977114,0.037500000000000006,0.15510059926508793,8
intermittent,SKU-C3087,sktime_theta,gam,rolling,8,0.875,2.4801684566160045,0.7430257474415065,1.7743673129817021,0.03125,0.41511724765562225,8
intermittent,SKU-C3087,sktime_theta,gam,rolling,9,0.875,2.5980483020079674,0.7935636416696543,1.7072752586643716,0.03125,0.4232547277771549,8
intermittent,SKU-C3087,sktime_theta,gam,rolling,10,1.0,2.7794381663467345,0.4029923068958937,0.4069277370923167,0.0,0.13897190831733686,8
intermittent,SKU-C3087,sktime_theta,gam,rolling,11,1.0,2.386456935648286,0.15045034632652451,0.3547578238569613,0.00625,0.1130728467824144,8
intermittent,SKU-C3087,sktime_theta,gam,rolling,12,0.75,2.8998671072192765,2.1065773736900906,3.372226556832845,0.08750000000000001,1.1672094835022442,8
intermittent,SKU-C3087,sktime_theta,gam,rolling,13,0.875,2.395197931221346,0.5409913030085138,1.415418537198688,0.025,0.29575189603258156,8
intermittent,SKU-C3087,sktime_theta,gam,rolling,14,1.0,2.717909707158949,0.3413981884317725,0.3579999796858223,0.0,0.13589548535794754,8
intermittent,SKU-C3087,lgbm_quantile,ml,rolling,1,0.625,0.7507585779746329,0.3669682240400616,0.960605965304011,0.02225665373257568,0.2617980982927156,8
intermittent,SKU-C3087,lgbm_quantile,ml,rolling,2,0.625,0.7995798976732775,0.3919539464104233,1.061454765235776,0.02274470112887619,0.2537133032887991,8
intermittent,SKU-C3087,lgbm_quantile,ml,rolling,3,0.75,0.8524125708714445,1.1591928988272886,2.573817112232903,0.05849385597013045,0.8615866142582549,8
intermittent,SKU-C3087,lgbm_quantile,ml,rolling,4,0.75,0.8101696211160403,0.10916570931657346,0.2962548424560457,0.004137735106094865,0.04072625658770178,8
intermittent,SKU-C3087,lgbm_quantile,ml,rolling,5,0.625,0.9957905113028723,0.39664381470917826,0.6051169477648355,0.010479776884574278,0.11469259437291522,8
intermittent,SKU-C3087,lgbm_quantile,ml,rolling,6,0.75,0.9584526347403827,0.10835585702210777,0.1927976722944305,0.004259930896184998,0.04814683862629207,8
intermittent,SKU-C3087,lgbm_quantile,ml,rolling,7,0.625,0.7587955986690992,0.752577447061641,1.4143809533589566,0.03985093884054301,0.33965452998519186,8
intermittent,SKU-C3087,lgbm_quantile,ml,rolling,8,0.625,0.8548683694494925,0.6475114103365394,1.7008573067623276,0.0343535030105425,0.5189258247037998,8
intermittent,SKU-C3087,lgbm_quantile,ml,rolling,9,0.625,0.8177464597095623,0.703392661808621,1.7750012777397453,0.03434165835845172,0.6348000418464492,8
intermittent,SKU-C3087,lgbm_quantile,ml,rolling,10,0.75,1.496928597869107,0.1717887871644122,0.3816641994397547,0.0031327239266976154,0.07501131010012371,8
intermittent,SKU-C3087,lgbm_quantile,ml,rolling,11,0.875,1.5319050091955193,0.1110053819332417,0.23163109037745197,0.006798871968942779,0.07050972038620626,8
intermittent,SKU-C3087,lgbm_quantile,ml,rolling,12,0.5,1.8415880369527957,2.5758363352407825,3.7781506035586045,0.09066750476707876,1.286161389519402,8
intermittent,SKU-C3087,lgbm_quantile,ml,rolling,13,0.625,1.181686212337371,0.6543454534765888,1.4304055033372245,0.028167183290331483,0.5342510044742544,8
intermittent,SKU-C3087,lgbm_quantile,ml,rolling,14,0.75,1.1143051949300136,0.09459220144044277,0.1845833882657531,0.00308333266685792,0.055877540413177454,8
intermittent,SKU-C3087,lgbm_conformal,ml,rolling,1,0.875,2.508008276800796,0.5463838646898129,0.9122923408714341,0.018750000000000003,0.12687180860583352,8
intermittent,SKU-C3087,lgbm_conformal,ml,rolling,2,0.875,2.351513403040422,0.6524565701632523,1.163237150259854,0.018750000000000003,0.2248471769669711,8
intermittent,SKU-C3087,lgbm_conformal,ml,rolling,3,0.875,2.431366910021266,1.357801912682191,2.580521511135505,0.05625000000000001,0.6804041513368381,8
intermittent,SKU-C3087,lgbm_conformal,ml,rolling,4,1.0,2.337014572584444,0.3020092925887844,0.5439901377406982,0.0,0.1168507286292223,8
intermittent,SKU-C3087,lgbm_conformal,ml,rolling,5,1.0,2.919101239628291,0.645392378867496,0.8297435488048666,0.00625,0.1397050619814147,8
intermittent,SKU-C3087,lgbm_conformal,ml,rolling,6,1.0,2.4095345094452654,0.3147618482038905,0.5075328483199391,0.0,0.12047672547226337,8
intermittent,SKU-C3087,lgbm_conformal,ml,rolling,7,0.875,2.60978337729198,0.8556728679813463,1.2551376585479483,0.037500000000000006,0.23667291437323226,8
intermittent,SKU-C3087,lgbm_conformal,ml,rolling,8,0.875,2.3314877100696902,0.8867029644080939,1.819978504724013,0.03125,0.4572308729762898,8
intermittent,SKU-C3087,lgbm_conformal,ml,rolling,9,0.875,2.2875996421303664,0.7533261326874587,1.6761682079389775,0.03125,0.43901901385684905,8
intermittent,SKU-C3087,lgbm_conformal,ml,rolling,10,1.0,2.727948739887286,0.5548683932009837,0.7789826041658418,0.0,0.13639743699436446,8
intermittent,SKU-C3087,lgbm_conformal,ml,rolling,11,1.0,2.321704031220452,0.3592877500549113,0.4991770620986315,0.00625,0.1098352015610227,8
intermittent,SKU-C3087,lgbm_conformal,ml,rolling,12,0.625,2.9145945034941367,2.3339001408816946,3.3781645796228266,0.1439142882001718,1.2080649062467679,8
intermittent,SKU-C3087,lgbm_conformal,ml,rolling,13,0.875,2.373902157618476,0.6831680230049917,1.2700305570996293,0.025,0.24753632448665444,8
intermittent,SKU-C3087,lgbm_conformal,ml,rolling,14,1.0,2.351986649181031,0.35311116029955025,0.495809691369907,0.0,0.11759933245905163,8
