dataset,window_type,model,family,mae_mean,mae_std,mae_min,mae_max,rmse_mean,rmse_std,rmse_min,rmse_max,wape_mean,wape_std,wape_min,wape_max,mase_mean,mase_std,mase_min,mase_max,coverage_mean,coverage_std,coverage_min,coverage_max,interval_width_mean,interval_width_std,interval_width_min,interval_width_max,pinball_mean_mean,pinball_mean_std,pinball_mean_min,pinball_mean_max,fit_seconds_mean,fit_seconds_std,fit_seconds_min,fit_seconds_max,n_folds,n_failed
economic,expanding,ets,classical,3.5118735993333416,1.9214052540927506,1.0870442458957494,5.516259888580042,4.1095752298657695,2.2927812335167252,1.463089086341144,6.774761237491973,2.3892214871042783,1.3237467923684698,0.6856953369331571,3.727360945029967,0.4341140875210438,0.251445573518374,0.1217570726785025,0.712682287458528,1.0,0.0,1.0,1.0,17.78426103243,0.904273801740979,16.614548338558638,18.79705197511998,0.4446065258107503,0.022606845043524372,0.4153637084639663,0.46992629937799973,0.572432016643385,0.12499139400223097,0.45475070003885776,0.7948249999899417,6,0
economic,expanding,lgbm_conformal,ml,4.890001842904209,3.252134463147629,1.2102004516747324,8.562910336914237,5.372066188865699,3.4543503822832027,1.2751500369588629,8.706087558618213,3.3108378577821878,2.2141447925573714,0.763380892360979,6.0620228217863,0.6043462817150935,0.4177129992420858,0.1355514873533936,1.1270132856784982,0.8055555555555555,0.3234650361779919,0.16666666666666666,1.0,19.99544795774251,4.528410763444765,12.107093535104136,25.061776578793115,0.7401675204736472,0.4202013182864443,0.5095973513353323,1.5929129178182653,0.39975221662704524,0.04878034944785258,0.3504812999162823,0.4770629999693483,6,0
economic,expanding,lgbm_quantile,ml,4.317666067773431,2.714348368370984,1.6273872974639072,8.575933723301361,4.8209999602628875,2.7300916129403516,1.9079829423809513,8.686943880408503,2.925418352863231,1.8862538758542498,1.0389236351315043,6.071242591980009,0.5301110093906208,0.35113843564318226,0.193020709520832,1.1287273675624974,0.3611111111111111,0.37143365889881724,0.0,1.0,5.225144140063416,1.438748101010463,2.7132953537445936,6.98543407483002,1.50758714036394,1.2157969313307648,0.14137897973917107,3.4542508484468675,0.5433533166651614,0.07248175846445812,0.43772020004689693,0.6362551999045536,6,0
economic,expanding,prophet,gam,5.632196611503162,3.268118344866613,1.9067819620303699,10.722989482558058,6.236901660521551,3.214723173595653,2.351337695141988,10.812978035872977,3.7647987165733103,2.1561926520578587,1.2027767083529286,7.218923847150976,0.6908291659633558,0.4202255327406055,0.2135738180019349,1.385374298379982,0.47222222222222215,0.3714336588988173,0.0,1.0,12.33096842554302,2.097718697420826,9.850745293857608,14.740019491098096,1.0657502306767663,0.9371709101585763,0.34707904252663746,2.730251045787853,1.7473434000082004,0.7564170580243381,0.2946019000373781,2.440637799911201,6,0
economic,expanding,sarima,classical,3.4121924846367953,1.665719844880146,1.6099237938860635,5.5230707830159576,3.953714498877934,1.9252641964076551,1.954484290248888,6.742874957731195,2.327207016268171,1.1942592448008296,1.0277749389068873,3.80191701851679,0.42362499788295666,0.23194116354278976,0.19094940304291613,0.7135622321899711,1.0,0.0,1.0,1.0,19.198605660342725,0.4937629916244397,18.400347561029946,19.850370076153563,0.4799651415085682,0.012344074790610983,0.460008689025749,0.49625925190383935,1.0602980500164751,0.25575018890367773,0.8120829000836238,1.411297500017099,6,0
economic,expanding,seasonal_naive,baseline,9.654722222222222,5.753574291658154,2.6700000000000017,16.72333333333333,9.913949441168961,5.629540932160283,3.071525136909459,16.76823783228279,6.430171860512676,3.732610190544379,1.6877192612804344,11.258471343296977,1.1848706221548586,0.7278714062453066,0.296703296703297,2.1605986111360327,1.0,0.0,1.0,1.0,39.30766666666666,1.684008748987569,37.331999999999994,41.74000000000001,0.9826916666666669,0.042100218724689296,0.9333000000000002,1.0435000000000008,0.00016351666999980807,8.22469231867211e-06,0.00015860004350543022,0.0001799999736249447,6,0
economic,expanding,sktime_theta,gam,4.573228706109609,2.985680397934957,1.4312139694283512,9.5280975746655,5.305092393758209,3.116890550950374,1.7231893013990374,10.230004179888507,3.0326810849966717,1.9564845868421619,1.0132129619683206,6.414499511690791,0.5521963991880139,0.3784576388208065,0.18837020297186455,1.2309982690805792,0.8888888888888888,0.2018433569398328,0.5,1.0,19.72773149807912,0.36018918158972457,19.28836731912354,20.13768192988451,0.573158791423769,0.15983420980586566,0.4901367600428514,0.8965492362205604,0.06138523332386588,0.0006363801415920126,0.06051760003902018,0.0621652000118047,6,0
economic,rolling,ets,classical,3.5031344026923086,1.6390116779504411,1.5121330072573518,5.505059550652736,4.033545596597183,1.9958224021589899,1.5636463572954613,6.7656446346892585,2.38473117086942,1.1660943025970345,0.9538365671994148,3.7696867811370924,0.3711746714279945,0.19539569674680893,0.12738891894686083,0.6157848339060148,1.0,0.0,1.0,1.0,17.468688388115627,3.9368176650822604,12.283992422606682,20.79773101918917,0.4367172097028908,0.09842044162705654,0.30709981056516716,0.5199432754797295,0.5520891500054859,0.06590726507281414,0.4794146000640467,0.6729768998920918,6,0
economic,rolling,lgbm_conformal,ml,4.861053054473433,2.9197916799347685,1.6417388853565171,8.440023700431434,5.391159316156266,3.069248548856693,1.6990039839932298,9.19446941298217,3.282962991946776,1.9902504897731645,1.0355905036994821,5.681987141801155,0.5126068390107088,0.32585078009033536,0.13830750390001725,0.8884820001770047,0.75,0.2934469476943168,0.3333333333333333,1.0,18.712880064988564,5.2226099193382725,11.545110214529862,27.068026630327,0.6952790186257033,0.2689628489071597,0.4505667094972774,1.2000910686835462,0.28635093331104144,0.004770626894377451,0.2824842999689281,0.29551500000525266,6,0
economic,rolling,lgbm_quantile,ml,4.582863557741506,2.7601789432629578,1.6621734875432044,7.697563515573464,5.0593720068893,2.9172499664159157,1.8025633679984832,7.895855235084136,3.093032443363858,1.871279004927395,1.0484804219198296,5.4494095894470735,0.48316505647740676,0.3085188649033113,0.14002900714687297,0.8901704501590727,0.4166666666666667,0.3908679799852858,0.0,1.0,5.621841234487735,3.033035795971611,2.1107214743137823,9.914488111846874,1.5661055546667149,1.3225416785678492,0.14218393476625318,3.378924994999795,0.4609305000049062,0.0624086673961208,0.37081360002048314,0.5130908999126405,6,0
economic,rolling,prophet,gam,5.638979761049208,2.6728524672818783,2.6542334775280856,10.159890997803606,6.205345047076011,2.5305798561201174,3.7667144265274763,10.311476636565954,3.7733812950200467,1.7912333624279366,2.0135795758210286,6.8398350597843045,0.5812174768913264,0.2935660053703255,0.3097874992008659,1.0695325742802666,0.38888888888888884,0.3103164454170876,0.0,0.8333333333333334,7.5031121237621266,1.4414475208434323,5.224071035774007,8.986179805252894,1.4640880745387008,1.1554066008623607,0.41566391699393535,3.393068969306878,1.6226678666619894,0.2746871208066805,1.238668999983929,2.0032098999945447,6,0
economic,rolling,sarima,classical,2.9260613074836552,1.4889862557581655,1.2232954387508101,5.5852115291162265,3.5065491474194808,1.6650165846296505,1.585818168424285,6.599510343604926,1.9938333810826319,1.0443445596421992,0.7716410635629961,3.760072390680105,0.3092167854199898,0.16919907775326143,0.10305593671137282,0.5879556843598897,0.9166666666666666,0.2041241452319315,0.5,1.0,13.875904978279694,2.932754403237297,10.914747784477356,17.92011923385191,0.442852482994832,0.20873768065994103,0.2769811311880831,0.8485978458389709,1.14543850000094,0.3139765277536059,0.7971312999725342,1.51567440002691,6,0
economic,rolling,seasonal_naive,baseline,9.654722222222222,5.753574291658154,2.6700000000000017,16.72333333333333,9.913949441168961,5.629540932160283,3.071525136909459,16.76823783228279,6.430171860512676,3.732610190544379,1.6877192612804344,11.258471343296977,0.9801823976740699,0.5825273964101012,0.2616311115647649,1.7604666973704408,1.0,0.0,1.0,1.0,42.45666666666667,2.918158780235691,36.5,43.648,1.061416666666667,0.07295396950589232,0.9125000000000004,1.0912000000000006,0.0002925833493160705,3.679582787636541e-05,0.00025949999690055847,0.0003649999853223562,6,0
economic,rolling,sktime_theta,gam,4.795474669852551,3.9026284434011322,1.427633631634426,12.320601004795904,5.476509466886146,3.7957001775309265,1.9522036680583557,12.661805297354421,3.2219689634970723,2.6307470574702414,1.010678299270416,8.294466813515488,0.49415516586782643,0.4157637187813764,0.16509604239875794,1.2969906972612308,0.8055555555555555,0.40023141454061945,0.0,1.0,18.66065217360631,1.8621054657848153,15.791176286277093,20.53357199104383,0.702842501064691,0.5703840330958281,0.4245499738087266,1.8645623938038662,0.06175701667477066,0.0011987820776962375,0.0608063000254333,0.06395949993748218,6,0
intermittent,expanding,ets,classical,0.7424651603338727,0.3263709738466117,0.3715334317447135,1.1172308188287794,1.2333543283930664,0.798262409264051,0.3715334317447134,2.1895407836766574,239.75161242440325,197.02167542494712,100.0,561.1193439236926,1.078481556041261,0.48386645330239575,0.5391187243614778,1.6544524466060222,0.9107142857142857,0.0832117675015311,0.7857142857142857,1.0,2.719195668749237,0.02971718844582818,2.666110343085372,2.753622085911035,0.15660534347303856,0.0996748177852225,0.06737976174328934,0.30478773160462164,0.7613239249621984,0.05699228286219079,0.6670356999384239,0.8423294000094756,8,0
intermittent,expanding,lgbm_conformal,ml,0.8969951135510464,0.2328998805558836,0.6457938989277364,1.312763013099554,1.6107650461204965,0.5948443164710548,0.842176564315481,2.2972089161944105,410.96813561414314,518.73994681641,85.45983624971886,1489.5605300943985,1.3003052226201164,0.34870979450900375,0.937088168231311,1.9337380483416668,0.7946428571428571,0.1594336733877525,0.42857142857142855,0.9285714285714286,2.3522258383179864,0.7826676759232916,1.081187579401034,3.1001452497837927,0.22079910836565156,0.10829849611456081,0.07802848911490999,0.3598823028078464,1.812820812498103,0.040257238434369354,1.7526781000196934,1.8553833999903873,8,0
intermittent,expanding,lgbm_global,ml,0.4971031826090902,0.39831111880842535,0.014537690696609434,1.4295653279853175,0.9849116288925281,0.7715925249290264,0.023483480320847166,2.3608480460927357,181.33233904221785,191.97727623586803,100.0,885.4397628122658,1.2619670400444312,0.989916839620433,0.09507649715582571,4.0449912706665705,0.7299107142857143,0.23286178997935608,0.2857142857142857,1.0,0.4611637066121255,0.09004979373482842,0.3217444248420994,0.653685090317772,0.18831800227364712,0.17120515292966376,0.008247039850985762,0.6215906944233947,,,,,32,0
intermittent,expanding,lgbm_quantile,ml,0.603410527305143,0.3568020187664042,0.04083848675597795,1.0417815990391208,1.2970838564820797,0.8889171751653275,0.10462277089923361,2.2963191723823515,193.11098852331293,151.21098386869465,99.01020493191737,538.9619999207935,0.8766559336594646,0.5247889388173326,0.05925925099484459,1.5345745546011946,0.8125,0.30529224158120905,0.07142857142857142,1.0,1.1655474333598506,0.7287610075881207,0.3910112961188993,2.543225639041847,0.19088782848896307,0.14865932459261655,0.015800711461228405,0.3667923510789654,2.688691450006445,0.16141765630998894,2.4788631999399513,2.9139038000721484,8,0
intermittent,expanding,prophet,gam,0.9143150715926357,0.319665924118893,0.418082521754169,1.327422649326851,1.3592985865911251,0.6737851184481802,0.4604235214460181,2.1461394955754676,364.48040341294046,409.31986483584797,100.0,1261.9465301993146,1.3250385622573864,0.4689870836365403,0.606664425183709,1.9553321183030379,0.9375,0.07078794349750821,0.8571428571428571,1.0,2.9043422051351593,0.3850141991513963,2.4259904505283276,3.47436685553117,0.15539951971769927,0.09305249169426959,0.06782756816110601,0.2941571345820681,0.4042085125402082,0.01451310427824549,0.3889457000186667,0.43440070003271103,8,0
intermittent,expanding,sarima,classical,0.720916076990208,0.3224754436310838,0.334173259222886,1.0787858062760285,1.2314752358824543,0.8113133495235805,0.33418019695902257,2.201587421726669,234.39003546466944,192.47549006691307,100.0,560.776265493509,1.0471223601006439,0.47760230363586276,0.48490672934044304,1.5975211088683314,0.9107142857142857,0.0832117675015311,0.7857142857142857,1.0,2.6803520850506035,0.04425558137279689,2.602337198123869,2.7429164303765154,0.1577039327072085,0.10121944019511281,0.0661935438921077,0.30763421149702674,5.332999837497482,0.8779636572223314,4.088660699897446,6.896274800063111,8,0
intermittent,expanding,seasonal_naive,baseline,0.7232142857142857,0.439383181488467,0.0,1.4285714285714286,1.643523326306085,0.9393282472685724,0.0,2.7774602993176543,270.0,349.3667741173205,0.0,1100.0,1.0494827279137187,0.645200761720227,0.0,2.104327208061648,0.8928571428571428,0.07636035483212127,0.7857142857142857,1.0,3.232142857142857,0.31426252233539764,3.0,3.857142857142857,0.20133928571428578,0.1068352301416387,0.07500000000000007,0.38214285714285723,0.00018686248222365975,9.75790862776233e-06,0.00017819995991885662,0.00020619994029402733,8,0
intermittent,expanding,sktime_theta,gam,0.7238213281897419,0.31893778843837517,0.34660430345970233,1.0536646016332845,1.2390891377812114,0.7853643224308312,0.37705640353619624,2.1519390195880983,239.39263087969226,206.20398999271168,100.0,630.2032407882921,1.050759575872799,0.47042547758194164,0.5029449679989723,1.5539764809259373,0.9107142857142857,0.0832117675015311,0.7857142857142857,1.0,2.6871900334819347,0.04534924954307347,2.6085041350319753,2.7528414313186045,0.15654735577346102,0.09908253303508313,0.06645519947784441,0.2986992964220487,0.06697226253163535,0.0016817208838523728,0.06435720005538315,0.06910379999317229,8,0
intermittent,rolling,ets,classical,0.6954791799196495,0.31513902768572666,0.3479365398216778,1.0978373643392654,1.2470817189529273,0.8071542397233332,0.3479365398216779,2.195813700248764,236.39372957976255,213.6023965935912,100.0,599.713833092396,1.0021614047846128,0.5020772108417193,0.5323131677613703,1.746781228593142,0.9107142857142857,0.0832117675015311,0.7857142857142857,1.0,2.696978260644868,0.1320812187568294,2.534713412967335,2.8860103644945867,0.15740854999821793,0.10188263544480569,0.06419823255767083,0.31088830347179414,0.5326385625085095,0.06318900920932358,0.4199166001053527,0.6490404000505805,8,0
intermittent,rolling,lgbm_conformal,ml,0.7570602356938898,0.27240420652117286,0.37060693214427015,1.059076006225028,1.3779908965157603,0.65940469811701,0.6349716094016248,2.104333762139144,254.8192104512944,219.82059791427744,100.0,661.0305147120408,1.073779956219363,0.38764233244942975,0.5162540144266486,1.6238819365966548,0.9107142857142857,0.0832117675015311,0.7857142857142857,1.0,2.4911104087438503,0.4353991387806499,1.8648645434206899,3.001620034559312,0.1691669980052481,0.10489941857789017,0.059002497049436615,0.3025740093340426,1.3939799875079188,0.01094684985841455,1.3790665999986231,1.4117736000334844,8,0
intermittent,rolling,lgbm_global,ml,0.46575933557749005,0.3651514761220191,0.002051870438880917,1.1880658965570134,0.9335708314115541,0.7095200536416673,0.0073695918692599435,2.2754378794409003,144.43753853146728,95.11949675865509,97.26922756671976,596.5018821617514,1.2389753168073945,1.1696078250629456,0.01836424042798421,5.546683166035957,0.7120535714285714,0.22912115274088377,0.14285714285714285,1.0,0.4159968611184654,0.11373126557458786,0.1514796404376319,0.6622445831910238,0.17450850420577468,0.154354994100245,0.007105486922889377,0.448617994819778,,,,,32,0
intermittent,rolling,lgbm_quantile,ml,0.5888092949134216,0.31857799685255156,0.12348343542246558,0.9891926911360441,1.368564937198017,0.7846174771186198,0.2783491639789676,2.29906813420444,153.96891758909132,83.6639255693495,99.48997361210623,339.9500320819096,0.8388978263141269,0.45934679361510933,0.17201194506320105,1.3638095238095236,0.6785714285714286,0.3798879687548221,0.07142857142857142,1.0,1.0546419494851151,1.1920908488570354,0.011993038758674301,3.6258724837734184,0.19495083705011307,0.1645074858092078,0.010097981703747034,0.39315696882610973,2.0563004374853335,0.04568854616590963,2.011207400006242,2.1547864000312984,8,0
intermittent,rolling,prophet,gam,0.8978247195577358,0.4060727924309706,0.3555461681552882,1.5183383076435126,1.3614553307360633,0.7214751306781704,0.385128477033072,2.130704023182443,330.7529953955003,344.9834210924858,100.0,1099.8923248106105,1.2889941121897164,0.6461500230002548,0.5032777141252293,2.426629973823114,0.9285714285714286,0.08537347209531385,0.7857142857142857,1.0,2.6500033758005213,1.0158002344836756,0.37508312709272273,3.8036694487664104,0.17631900690456434,0.11177697612568453,0.06452302826875608,0.3321410132185656,0.34508886247931514,0.005346162602700261,0.3373474000254646,0.35540350002702326,8,0
intermittent,rolling,sarima,classical,0.57396755327364,0.3335976443761189,0.17896029327067478,0.9733930456477637,1.2123560014559127,0.8854891340624712,0.20492873563249295,2.243446762897273,158.62867750164122,88.00661207637363,100.0,338.7797342453302,0.8284000757994727,0.5182910528957587,0.23817020442714337,1.5487764904084418,0.9107142857142857,0.0832117675015311,0.7857142857142857,1.0,2.4446169231887396,0.07791491728910394,2.3479087747769465,2.58739549280606,0.15978209730304746,0.10906493830114804,0.060748461269759545,0.31950339509781656,4.5910473500116495,1.0486347590916565,3.1851733999792486,5.7537455999990925,8,0
intermittent,rolling,seasonal_naive,baseline,0.7232142857142857,0.439383181488467,0.0,1.4285714285714286,1.643523326306085,0.9393282472685724,0.0,2.7774602993176543,270.0,349.3667741173205,0.0,1100.0,1.0331920106690258,0.6868085549659713,0.0,2.2831632653061225,0.9196428571428571,0.0804279733185431,0.7857142857142857,1.0,3.805357142857144,0.6188457938922057,3.0,4.571428571428571,0.18441964285714296,0.10660031641563043,0.07500000000000007,0.38214285714285723,0.00029772498237434775,2.2471566493033593e-05,0.0002796999178826809,0.0003472999669611454,8,0
intermittent,rolling,sktime_theta,gam,0.639045679640186,0.3455153630979285,0.23622910980303743,0.9723373495097704,1.2312679312951285,0.850980654747811,0.28690949987800923,2.2029228998027244,188.91437712635695,131.8655014432668,100.0,458.47650196388116,0.9168289297846899,0.5219076156068179,0.32906623077621555,1.5455468617871848,0.9196428571428571,0.08903024676844465,0.7857142857142857,1.0,2.6097914553022803,0.14344961268601242,2.3832560890986203,2.826580250025708,0.1602398932030317,0.10572743991523438,0.06151392523142187,0.3121368768951864,0.06491322501096874,0.001553832211825705,0.06257019995246083,0.06721150001976639,8,0
retail,expanding,ets,classical,37.222438998038804,10.809254953506874,21.315678874250402,49.91871396336236,44.770613479281934,13.558564157030975,23.545320022494955,59.57498747235573,6.544911497702195,1.875225948464595,3.310989728608739,8.655709629515396,0.4127974790297247,0.12168050436046307,0.24043939046210136,0.5560982446096758,1.0,0.0,1.0,1.0,309.56394777333475,50.02558317010135,271.99871183767743,397.8333453222304,7.739098694333372,1.2506395792525347,6.7999677959419405,9.945833633055766,0.5601996833768984,0.019766300497971633,0.5215864999918267,0.5764851000858471,6,0
retail,expanding,lgbm_conformal,ml,32.006057330911666,5.304469220500225,22.96444412604281,39.02823994556006,40.551693610960605,8.081452916241014,25.669114348269403,47.59055429743446,5.644871398701036,1.1064153813929283,3.5670943943703466,6.482406777784091,0.35461500382561767,0.05834673839874772,0.2590373490115215,0.43848240183656007,0.9761904761904763,0.036885555678165864,0.9285714285714286,1.0,228.10780316158102,27.33514575167468,197.23902324907095,261.3227512063692,5.729543448485803,0.6496653106699314,5.083178996439109,6.533068780159237,2.2177437333351313,0.04317439458009724,2.1571690000128,2.2845705000218004,6,0
retail,expanding,lgbm_global,ml,34.79088068226791,36.19803928035353,11.130559696044136,205.7359408575835,47.2478628679143,56.033447711563106,15.208071875174811,308.77214117724463,11.46297084144144,6.170485770526212,2.8117218415725436,36.7151455959996,0.6623414591631872,0.4397178392646581,0.2041832627553187,2.6107697333573623,0.7876984126984127,0.24654233464644307,0.2857142857142857,1.0,3957.014699482491,5906.745590831145,23.574152795626592,16043.656596981362,100.41222732700884,146.66369328000096,2.2966705547138218,401.0914149245344,,,,,36,0
retail,expanding,lgbm_quantile,ml,32.921525995714354,6.382363977390314,25.924837379507796,42.790110523160436,40.23582734463813,7.692955112450115,31.052684709848016,50.31502056564679,5.8064655023394165,1.3386735064957889,4.026935796217787,8.000287758069527,0.3647289838371006,0.06946579514837124,0.2924303811354524,0.4688659056001859,0.7142857142857143,0.16288220358559113,0.5,0.9285714285714286,93.42179088344552,22.666859966921475,66.65792137113944,123.0728784373707,5.5726998207966645,2.256119730037086,2.916043307727537,9.468172632522114,3.757307199994102,0.23302565638158937,3.559622999979183,4.1650898000225425,6,0
retail,expanding,prophet,gam,30.894280844092396,6.628849696401087,18.5180916380615,37.25739515647029,39.122627971220645,8.555932534489777,24.87298753766735,50.00516976598977,5.469075040476024,1.3648849120735096,2.876437178884511,6.68177040610691,0.3420697000786512,0.07218458389176366,0.20888279900648582,0.4185869549118987,1.0,0.0,1.0,1.0,426.55978403383125,5.317519910941194,418.96939283474967,433.4767581247488,10.663994600845788,0.13293799777353107,10.474234820868743,10.836918953118728,0.6015608333206425,0.08622910935472085,0.5315508999628946,0.7208016000222415,6,0
retail,expanding,sarima,classical,44.657138119301486,17.778464246323125,24.59547712775528,76.46122971548964,51.01301778862291,17.22227443961049,28.65011327586381,78.9363787693089,7.916554397246981,3.4222424888317606,4.264759472238964,13.930989276637884,0.49438639213538,0.19507560820176542,0.27399547324317475,0.8440764124616703,1.0,0.0,1.0,1.0,260.7375718632812,35.593924001732105,230.22499709183688,319.63603660239477,6.5184392965820335,0.889848100043304,5.755624927295925,7.990900915059875,18.78174323332496,2.738699049694958,14.516806100029498,21.591697999974713,6,0
retail,expanding,seasonal_naive,baseline,44.464285714285715,12.181597864426992,34.714285714285715,61.214285714285715,52.17831120552663,13.899949916710375,40.76938627380669,70.18546858146635,7.6736960599669475,1.4733260479099233,6.507027589796981,9.620786516853933,0.49440164404805437,0.1423279134914203,0.3771864116207054,0.690492929244477,1.0,0.0,1.0,1.0,422.8000000000002,17.958173626513496,394.40000000000003,445.60000000000025,10.570000000000007,0.44895434066283585,9.860000000000007,11.140000000000011,0.00025509998279934126,6.270074485107443e-05,0.00019219995010644197,0.0003383000148460269,6,0
retail,expanding,sktime_theta,gam,39.035012803871886,11.946408752809111,20.17450423152718,52.63386811810058,46.845788850148125,14.873787045635915,22.57176208901301,62.090126032933135,6.875568342527356,2.0932327767554724,3.133729715315439,9.126506733383803,0.432777537850865,0.1340809540958175,0.2275670190435848,0.5863452670069831,1.0,0.0,1.0,1.0,328.521697174952,52.79999631435757,289.0376937269936,421.6834244659224,8.213042429373804,1.3199999078589402,7.225942343174845,10.542085611648064,1.0042244499976125,2.270991634537454,0.07537830004002899,5.6398642000276595,6,0
retail,rolling,ets,classical,39.03942174529062,12.23534061149242,20.25424869802671,52.35826794730723,46.97848718298851,14.959085428588052,23.105341192065403,62.46518578455986,6.870668203594019,2.1200300876145817,3.1461165180558517,9.078718742411459,0.40508857006706744,0.12883939409968645,0.21103648665042965,0.545414340631979,1.0,0.0,1.0,1.0,312.20891727218435,51.34847136525434,270.58042209661903,404.2954753736932,7.805222931804612,1.2837117841313594,6.764510552415478,10.107386884342334,0.49210789999536547,0.05631783976246386,0.4261215999722481,0.586575899971649,6,0
retail,rolling,lgbm_conformal,ml,33.37556509940071,6.804039453916958,21.572338379117088,39.256002581917635,42.50426690996051,11.070916360577437,25.91783773150639,54.81399049136384,5.9161775587777745,1.4923992284676577,3.3508569544839593,7.339530397260241,0.34579307488553357,0.06965001704584038,0.22477014912958143,0.4076480792072626,0.9761904761904763,0.036885555678165864,0.9285714285714286,1.0,270.8849854409361,37.592533256268524,226.00937733833138,310.2852610550234,6.888553608382238,1.0131402127724332,5.67252947075318,7.892904000731159,2.0435010166838765,0.20793671120303106,1.9123301000799984,2.4608363000443205,6,0
retail,rolling,lgbm_global,ml,169.27870525263495,761.4038998512254,9.78159120929855,4601.695112806913,286.1062751552194,1372.5018754334803,14.632141801256855,8280.08080500769,35.92135607836537,134.8580488981329,3.959549457152669,821.2075408450833,2.191939469399181,8.726887372822036,0.26560027302246303,53.00427864964231,0.751984126984127,0.27663434892680056,0.21428571428571427,1.0,4553.496247833752,6326.507009521828,18.91963233824606,16094.619423062399,116.00544592289864,156.58201416637732,2.3032665504308896,402.36548557656033,,,,,36,0
retail,rolling,lgbm_quantile,ml,31.689951707625415,8.547876188780757,22.506563973677935,46.45071271799437,39.81775000274883,10.429529606276807,26.62454489495544,54.94147516335239,5.602778872406454,1.7324409520398343,3.495971326212039,8.684695219710486,0.32872487509919207,0.08964551144514019,0.23450419012781593,0.4823604690208826,0.6904761904761904,0.18442777839082938,0.5,1.0,86.78205089498,19.217362233587092,67.3438296700947,114.02623486172926,6.204200096173537,2.9125450120933993,2.636551873198674,11.163144272380698,3.0137945500318892,0.02135974882894091,2.9901151000522077,3.047804999980144,6,0
retail,rolling,prophet,gam,32.26836061956479,8.899153734263049,23.63715955971637,43.710493684276365,39.26179608054358,10.093300092675104,29.214043884741983,53.4484946318867,5.670215234933981,1.6165427247439093,3.6715880820595714,7.963910874282525,0.3349523973388195,0.09418792337221596,0.24195095752141693,0.4547410920589935,1.0,0.0,1.0,1.0,410.92288612058934,2.334824786401125,408.46137054465134,414.42235970145754,10.27307215301474,0.05837061966002737,10.211534263616288,10.360558992536443,0.4815246000071056,0.01865742101239855,0.4620697000063956,0.5157317999983206,6,0
retail,rolling,sarima,classical,82.77154677557418,38.90290368693474,38.04988422266875,135.32048442588794,90.26374055390816,37.291616487487794,48.082236061148265,140.64937876651686,14.87568734824841,7.893099088472014,6.597701004673799,25.973221578865246,0.8550942001476765,0.39379540911373107,0.3963643819408914,1.370127721930861,1.0,0.0,1.0,1.0,361.8534424836758,159.95294613450392,227.2516311207496,620.7708430801001,9.0463360620919,3.9988236533626003,5.681290778018743,15.519271077002513,8.843251216690987,1.7838549529317742,7.075561800040305,11.079905300051905,6,0
retail,rolling,seasonal_naive,baseline,44.464285714285715,12.181597864426992,34.714285714285715,61.214285714285715,52.17831120552663,13.899949916710375,40.76938627380669,70.18546858146635,7.6736960599669475,1.4733260479099233,6.507027589796981,9.620786516853933,0.4615851793374663,0.1293204557557845,0.3514841482127603,0.6378142177753073,1.0,0.0,1.0,1.0,487.8666666666668,19.211107897949763,478.0,526.0,12.196666666666678,0.4802776974487441,11.950000000000005,13.150000000000006,0.00033653331532453495,4.333438376968976e-05,0.00028169993311166763,0.0004149999003857374,6,0
retail,rolling,sktime_theta,gam,41.6192390618863,13.924501751508933,18.8971154669228,56.54090931873962,50.143539181771786,16.308568051176742,23.47999268009027,66.35423886928905,7.3388581874398975,2.4320628948145995,2.935311400609333,9.803972386207018,0.43181875547343584,0.1463267548064326,0.19689601502500625,0.5889847770718489,1.0,0.0,1.0,1.0,330.3115309857273,53.758644225879145,286.8450254933876,426.65674072926805,8.257788274643184,1.3439661056469794,7.171125637334693,10.666418518231705,0.07394593335144843,0.003141484455913693,0.07004620006773621,0.07869769993703812,6,0
workforce,expanding,ets,classical,5.108937515624119,2.719949027679554,2.618828133183255,16.008686302426845,6.484932101818091,3.414213567273941,3.2747150347953196,19.9552875553939,5.94661432277753,3.2280916064591407,2.9832053591998022,18.94519089044597,1.1247746076917502,0.690932406047699,0.5413437424103194,3.914018016672643,0.9071428571428571,0.14675143206857746,0.35714285714285715,1.0,21.47060230531026,2.2492329944320804,14.993579668044017,25.683254968842732,0.847600073855523,1.0282724344222225,0.4847292488448671,5.18620297435522,0.6218129849992693,0.07311096443058773,0.460912499926053,0.8146782000549138,20,0
workforce,expanding,lgbm_conformal,ml,6.3729863879925155,3.3351267739225103,3.97832369687297,16.821090808788917,7.9252396883001826,4.166134670705378,5.146018978826031,20.767484682724596,7.38704007456455,3.8505216959673874,4.531857750709649,19.90661634176203,1.4036591943573637,0.826434744028306,0.8223680703960758,4.112645550166453,0.9321428571428572,0.1492462263852107,0.35714285714285715,1.0,33.43205212680361,12.393330813264853,19.048449242890168,54.008981562356325,1.078057045180297,0.874643492061175,0.5121932747109432,4.5466744216154735,1.7193970900028943,0.09713855003904331,1.5950599999632686,1.9577337000519037,20,0
workforce,expanding,lgbm_quantile,ml,5.93623977839541,3.0287221220509113,3.2565811251308943,17.303456598255337,7.475089304221143,3.63735040484118,4.411298865429188,21.195443396792076,6.894187139342053,3.5633120762200354,3.7096937145510593,20.477463429887973,1.306756345385368,0.7647048645836886,0.6731750707131282,4.2305807982518555,0.5857142857142857,0.17280151966551419,0.21428571428571427,0.7857142857142857,11.670004997536378,3.372497303668555,6.965458420889084,22.09274152249353,1.316646387266085,1.4348749559808838,0.5201491496223346,6.733376718047111,2.8735685599967837,0.2959467248402113,2.4523279999848455,3.5180314999306574,20,0
workforce,expanding,prophet,gam,6.379565619936891,2.5919887776772588,3.692286537901185,15.237174683246321,7.854666372757896,3.1554592619441446,4.876070685704329,19.075003931692457,7.416466095328846,3.0651895465688948,4.0766570607741786,18.032159388457185,1.3969587672297483,0.6507963979669151,0.7982138439969663,3.7253885238774047,0.6821428571428572,0.19454841814628654,0.2857142857142857,0.9285714285714286,15.535150142970537,0.9160088705920671,12.460408328486734,16.34702848200883,1.2166039471273409,1.0798291142640535,0.5088812366427787,5.347660484047624,0.48585440998431295,0.037269253603881995,0.43591980007477105,0.5636855000630021,20,0
workforce,expanding,sarima,classical,5.339529427535953,2.7487418232683267,2.574238105118378,15.610416044339322,6.7675157064046285,3.491028938776517,3.250817888637182,19.48803851560582,6.211557652333706,3.245344522853867,2.9324111856515285,18.473865141229968,1.1760307849552163,0.6943039788363246,0.5321264393116695,3.816643570312037,0.8964285714285714,0.14560330433804317,0.35714285714285715,1.0,22.211599692476586,2.383088815667317,16.011753746367567,27.208428792886235,0.8651602372277724,0.9415420753243823,0.5003970844345549,4.801365030545887,10.212567124993075,1.0777715175400184,8.216067899949849,11.990668800077401,20,0
workforce,expanding,seasonal_naive,baseline,6.485714285714286,2.6067540136437293,4.071428571428571,16.357142857142858,8.354727783307307,3.35807109123811,5.092010548749033,21.02889169010782,7.550462731500026,3.1183422443149547,4.723127035830619,19.357565511411664,1.4206236509558359,0.6656146965185549,0.8376212023270847,3.999213341724355,0.8071428571428572,0.14304498927997986,0.35714285714285715,1.0,19.830000000000002,0.5322247249938075,18.0,20.0,1.1484285714285716,1.0233912895229935,0.5000000000000002,5.271428571428571,0.00018759999074973165,8.09327190947847e-06,0.00017939996905624866,0.00021029997151345015,20,0
workforce,expanding,sktime_theta,gam,5.2176789329630555,2.7738077708944497,2.9883831898260196,16.30246644128565,6.553707916447285,3.425713820192042,3.6211712736080703,20.218983056252526,6.08110401402446,3.3140186143205406,3.404179386294896,19.29285969382917,1.1477904856845915,0.7021933304173417,0.6177352836705998,3.9858453193451697,0.8928571428571429,0.14564940321662045,0.35714285714285715,1.0,22.775861069411683,2.08954920694475,15.807731652633533,25.542801295238387,0.8812068268821365,0.9955855523359909,0.5228072338038594,5.079821403430045,0.07855331003665925,0.006186691451612839,0.07105570007115602,0.0877121000085026,20,0
workforce,rolling,ets,classical,5.143251764308811,2.6552033169188296,2.5612172893106617,15.564400184967013,6.5091123480675055,3.3243320112739294,3.107946894319372,19.473074587346183,5.994743849396224,3.1666780275915136,2.8344879466881596,18.419408502919545,1.0399076317889835,0.6957942394697201,0.44040143591412917,3.811255312050746,0.9214285714285714,0.14266904910492212,0.35714285714285715,1.0,23.393362658490048,2.2407560550670618,15.291221335666593,26.682125988905632,0.8645536720536551,0.9682403774772428,0.5488668156634533,4.960514545025507,0.43043793000397274,0.03547094704331609,0.36089700006414205,0.4913976000389084,20,0
workforce,rolling,lgbm_conformal,ml,6.354346681798402,3.3104961620705544,3.197726173807305,17.71556775008358,7.992307634895265,4.092992805764903,4.037982471072052,22.185006285483087,7.372461891132889,3.864944902386608,3.642649831839078,20.965168935010155,1.290225587927765,0.8533178660969866,0.5498491691753195,4.338011802004051,0.9285714285714286,0.14838913049616959,0.35714285714285715,1.0,32.811630484825116,14.972982624504654,19.241708215287968,63.66506585678888,1.0648362858320515,0.8883601801645113,0.5262274523492501,4.549409703833123,1.696350245003123,0.15210112420694885,1.5346184000372887,2.0830120999598876,20,0
workforce,rolling,lgbm_quantile,ml,6.003918913531159,3.0106761033259306,3.03649631322549,17.335878313101908,7.495072999385809,3.79076996201168,3.7450491573430806,21.86088512114764,6.982793648575774,3.566712536628552,3.458986849890713,20.51583232319752,1.214723507318411,0.7871265402225339,0.522125686904287,4.245037233988018,0.5178571428571429,0.18951433207622745,0.21428571428571427,0.7857142857142857,9.980749594815086,3.2614992358798025,5.225506376254594,18.083495536749524,1.5111323463349537,1.552808487929983,0.49323671764310434,7.119370536540203,2.5637875150016045,0.08912336379736559,2.48109460005071,2.7966219999361783,20,0
workforce,rolling,prophet,gam,7.534578762593195,3.475373608850318,3.370578454765184,15.616188434942222,9.138025516328446,3.826952550855028,4.460670490439244,19.58758519552013,8.774719773416518,4.158389213459562,3.8395523487967917,18.48069637271269,1.4989640793309638,0.7942137053949818,0.5795711271882497,3.8239367029475484,0.5928571428571429,0.2283598644949184,0.07142857142857142,0.9285714285714286,16.21264543922409,1.5855447576047035,12.133609323580242,17.954401422123304,1.578645976213508,1.2752074341970445,0.49495494648535415,5.689201233215825,0.3737559749977663,0.017707682650473986,0.34511859994381666,0.4193848998984322,20,0
workforce,rolling,sarima,classical,5.6220790061643715,2.5653831963138876,2.6193744869199804,15.067416954773334,7.038900290853732,3.2467691160082914,3.1922964284993647,18.882226127699244,6.535733256330713,3.022530459056282,2.8920538499116506,17.831262668370808,1.1352293382206142,0.6785269228006732,0.5138279815437551,3.6895590080771914,0.9035714285714287,0.14523398654774286,0.35714285714285715,1.0,24.40654837167803,2.497164101653006,16.343619765202387,27.708336307330164,0.8889649393402582,0.8662285073614391,0.5576040934467412,4.52202034714008,7.740647165005794,0.6767594232528558,6.411751699983142,9.183746099937707,20,0
workforce,rolling,seasonal_naive,baseline,6.485714285714286,2.6067540136437293,4.071428571428571,16.357142857142858,8.354727783307307,3.35807109123811,5.092010548749033,21.02889169010782,7.550462731500026,3.1183422443149547,4.723127035830619,19.357565511411664,1.2996525872913725,0.696536355376574,0.6967358645178912,4.005374242720344,0.8357142857142857,0.14304498927997988,0.35714285714285715,1.0,22.76,2.352691627633516,18.0,26.0,1.1282857142857146,1.0217460834650953,0.6214285714285717,5.271428571428571,0.0003145099908579141,2.353923671270697e-05,0.00027249997947365046,0.00039219995960593224,20,0
workforce,rolling,sktime_theta,gam,5.266361041563373,2.734240765565149,2.7492816960271353,16.066286126015324,6.588097160786769,3.3853064543799287,3.449303496836338,19.968935567129957,6.136922365591599,3.2635590974102593,3.131809905970699,19.013356362148315,1.0644361465314385,0.7160090280740155,0.47273911968189936,3.93415214303248,0.9142857142857143,0.1494709610801706,0.35714285714285715,1.0,24.930400312740687,2.3959940332147998,15.915151230716045,27.03654500850239,0.9064045922043746,0.9644523347419567,0.582436416649903,4.979897371359453,0.07005106000578962,0.0009743542677646119,0.06854669994208962,0.07282969995867461,20,0
