dataset,model,family,window_type,n_folds_scored,n_folds_failed,n_points,mae,rmse,wape,mase,mase_undefined_reason,mape,smape,coverage,coverage_error,calibrated,interval_width,width_pct_of_mean,pinball_lower,pinball_upper,pinball_mean,fit_seconds_total,fit_seconds_per_fold,series
retail,seasonal_naive,baseline,expanding,6,0,84,44.464285714285715,53.69900681887267,7.765557103353639,0.5015540822108365,,7.7035036988746395,7.911907915430197,1.0,0.09999999999999998,False,422.8000000000001,73.84078009023433,11.31702380952381,9.8229761904762,10.570000000000006,0.0018875000532716513,0.0003145833422119419,Riyadh/Grocery
retail,sarima,classical,expanding,6,0,84,44.657138119301486,53.380710604394125,7.799238210327722,0.5037294440646481,,8.24928583573133,7.827731575547073,1.0,0.09999999999999998,False,260.73757186328123,45.53705228291915,6.608238615067209,6.42863997809686,6.518439296582034,123.55702300020494,20.59283716670082,Riyadh/Grocery
retail,ets,classical,expanding,6,0,84,37.22243899803881,46.45000950460827,6.500789811911886,0.4198665497354906,,6.334710540236134,6.556900260505667,1.0,0.09999999999999998,False,309.5639477733347,54.064435646631004,7.501610132317431,7.9765872563493145,7.739098694333373,3.585508300107904,0.5975847166846506,Riyadh/Grocery
retail,prophet,gam,expanding,6,0,84,30.8942808440924,39.89465299159968,5.395595548378821,0.34848536135022695,,5.481747760323912,5.506856649918378,1.0,0.09999999999999998,False,425.68263603503993,74.34422402009139,10.789520933523633,10.494610868228378,10.642065900876005,3.774983000010252,0.629163833335042,Riyadh/Grocery
retail,sktime_theta,gam,expanding,6,0,84,39.035012803871886,48.77382375713194,6.817350511518885,0.44031225749892217,,6.617129987283427,6.882407598126298,1.0,0.09999999999999998,False,328.521697174952,57.37535098383676,7.7748074636870985,8.65127739506051,8.213042429373804,10.765500100096688,1.7942500166827813,Riyadh/Grocery
retail,lgbm_quantile,ml,expanding,6,0,84,32.921525995714354,40.844090972983345,5.749647968979367,0.3713525471175099,,5.881817861922331,5.973393360503762,0.7142857142857143,-0.18571428571428572,False,93.42179088344554,16.315841807616742,3.886671796909097,7.258727844684232,5.5726998207966645,23.32245839992538,3.8870763999875635,Riyadh/Grocery
retail,lgbm_conformal,ml,expanding,6,0,84,32.006057330911666,41.21728709835724,5.589764051389025,0.36102612359373404,,5.7632149635911745,5.816736756267654,0.9761904761904762,0.07619047619047614,False,228.10780316158093,39.83835886972742,5.219494651599055,6.2395922453725525,5.729543448485804,14.158340400084853,2.359723400014142,Riyadh/Grocery
retail,seasonal_naive,baseline,rolling,6,0,84,44.464285714285715,53.69900681887267,7.765557103353639,0.45020346144535656,,7.7035036988746395,7.911907915430197,1.0,0.09999999999999998,False,487.8666666666668,85.20448260806289,12.943690476190485,11.449642857142871,12.196666666666678,0.00206110009457916,0.00034351668242986005,Riyadh/Grocery
retail,sarima,classical,rolling,6,0,84,82.77154677557417,96.46984023858514,14.455807907246253,0.8380666926035281,,15.273330748257285,13.959058179913436,1.0,0.09999999999999998,False,361.8534424836758,63.19664255281777,7.024812754593005,11.067859369590796,9.0463360620919,55.42784099990968,9.237973499984946,Riyadh/Grocery
retail,ets,classical,rolling,6,0,84,39.039421745290625,48.922967905869235,6.818120520207939,0.3952764003787461,,6.607537093665414,6.852087425570949,1.0,0.09999999999999998,False,312.2089172721843,54.52637181292695,7.583415023179792,8.027030840429434,7.805222931804613,3.014475499978289,0.5024125833297148,Riyadh/Grocery
retail,prophet,gam,rolling,6,0,84,32.268360619564795,40.32845422821853,5.635574551517647,0.3267190153338657,,5.683598393428701,5.818270414047523,1.0,0.09999999999999998,False,409.5476136630714,71.5262896806412,10.882677737659574,9.594702945494005,10.238690341576788,2.9527534999651834,0.4921255833275306,Riyadh/Grocery
retail,sktime_theta,gam,rolling,6,0,84,41.6192390618863,52.306937222263045,7.268678048939536,0.42139719973873424,,7.018434818342071,7.325334754174616,1.0,0.09999999999999998,False,330.3115309857273,57.68794020999458,7.892562950319462,8.62301359896691,8.257788274643186,0.4583672998705879,0.07639454997843131,Riyadh/Grocery
retail,lgbm_quantile,ml,rolling,6,0,84,31.68995170762541,40.9401895670775,5.534557131298282,0.320862591687274,,5.636771267176574,5.734076399770402,0.6904761904761905,-0.20952380952380956,False,86.78205089498002,15.156230690434583,4.221854705350396,8.18654548699668,6.204200096173539,24.41530240001157,4.069217066668595,Riyadh/Grocery
retail,lgbm_conformal,ml,rolling,6,0,84,33.37556509940072,43.68924768298926,5.8289445669161495,0.33792952465257914,,5.9848712923248275,5.994601107848214,0.9761904761904762,0.07619047619047614,False,270.8849854409361,47.30926830579585,5.902847016931718,7.87426019983276,6.888553608382239,14.766444299952127,2.461074049992021,Riyadh/Grocery
retail,lgbm_global,ml,expanding,6,0,84,17.400135703808058,22.210389303643087,14.120484968794097,0.7815955992643182,,14.376912515733883,14.254890482918562,0.4166666666666667,-0.48333333333333334,False,26.53528945707501,21.533806534579274,3.4317039609876527,5.017152720638011,4.224428340812832,0.0,,Dammam/Electronics
retail,lgbm_global,ml,expanding,6,0,84,29.770818486965204,39.538206689890835,7.363156237390918,0.4590176683613149,,7.455058760817937,7.334872193120884,1.0,0.09999999999999998,False,5904.2849306517355,1460.2948331264781,12.209707353320827,283.00453917926626,147.60712326629354,0.0,,Dammam/Grocery
retail,lgbm_global,ml,expanding,6,0,84,17.438607414029804,21.817227508458597,11.2455321877668,0.5591130952334409,,11.90841316185507,11.785180531374305,0.6309523809523809,-0.2690476190476191,False,42.767383000137066,27.579150714045085,2.817740769766683,3.43432751437348,3.1260341420700817,0.0,,Jeddah/Electronics
retail,lgbm_global,ml,expanding,6,0,84,84.58796587010468,160.91563457003423,16.301998653440997,1.073413328655136,,13.605227989507412,12.554791320996225,1.0,0.09999999999999998,False,16017.07263057987,3086.849219861215,19.297679148041546,781.5559523809528,400.4268157644972,0.0,,Jeddah/Grocery
retail,lgbm_global,ml,expanding,6,0,84,27.066600935975945,38.35020610256144,14.97657913590659,0.7460474348394692,,14.368480766059022,14.404649827961677,0.6785714285714286,-0.22142857142857142,False,68.20166484372032,37.737565686532555,3.7594768375843755,6.257133141054132,5.008304989319254,0.0,,Riyadh/Electronics
retail,lgbm_global,ml,expanding,6,0,84,32.48115568272379,42.5700984630922,5.672738585252299,0.3663852002993439,,5.698329682454392,5.724691163007976,1.0,0.09999999999999998,False,1683.2262983623998,293.97053675373013,15.06743737553812,69.09387754258194,42.08065745906003,0.0,,Riyadh/Grocery
retail,lgbm_global,ml,rolling,6,0,84,18.48898638915761,23.551580926014513,15.004104498978254,0.7970626175756337,,15.91669900280474,15.339718577106417,0.4642857142857143,-0.4357142857142857,False,28.071055255866966,22.780104738603278,4.625562499799038,4.752224871555065,4.688893685677051,0.0,,Dammam/Electronics
retail,lgbm_global,ml,rolling,6,0,84,31.434613986356194,40.73384850833216,7.774659408338251,0.46818750205252097,,7.89642605675448,7.854177297096079,1.0,0.09999999999999998,False,8758.00926166357,2166.1006918697994,12.518479591519135,425.38198349165975,218.95023154158943,0.0,,Dammam/Grocery
retail,lgbm_global,ml,rolling,6,0,84,18.914577320921282,24.40559319693833,12.197332219847903,0.585713525913401,,12.624952052612844,12.63499004202945,0.4166666666666667,-0.48333333333333334,False,26.21354747787331,16.90417617182065,4.2567639869522464,6.137631746262402,5.197197866607324,0.0,,Jeddah/Electronics
retail,lgbm_global,ml,rolling,6,0,84,879.5965684121069,3387.1641388961634,169.5179914344445,10.147733631651267,,135.9367921426747,30.159957755763127,1.0,0.09999999999999998,False,16068.44386221064,3096.7496086488636,21.866240729579722,781.5559523809528,401.7110965552663,0.0,,Jeddah/Grocery
retail,lgbm_global,ml,rolling,6,0,84,28.285268278421075,38.991247900599305,15.65089608976596,0.7251861335212211,,14.993190882301901,15.08905903590248,0.6309523809523809,-0.2690476190476191,False,56.92066990183418,31.495529093960023,4.415499966299909,7.389057285566891,5.9022786259334,0.0,,Riyadh/Electronics
retail,lgbm_global,ml,rolling,6,0,84,38.952217128846314,50.3803722052684,6.802890489683536,0.3943934485996595,,6.681044239546607,6.761472097288326,1.0,0.09999999999999998,False,2383.319090492735,416.23968979643166,15.595236346367326,103.5707181782695,59.582977262318416,0.0,,Riyadh/Grocery
workforce,seasonal_naive,baseline,expanding,20,0,280,6.485714285714286,8.972975298878612,7.527773171944951,1.3390105096996634,,7.602554578321959,7.710362393978381,0.8071428571428572,-0.09285714285714286,False,19.830000000000002,23.016083568230812,0.9468214285714286,1.3500357142857147,1.1484285714285716,0.003994600032456219,0.00019973000162281095,workforce
workforce,sarima,classical,expanding,20,0,280,5.339529427535953,7.574773114439777,6.197430938940752,1.1023744965253057,,6.307541452417506,6.2965121369868555,0.8964285714285715,-0.0035714285714285587,True,22.211599692476582,25.78033457922999,0.6366432106252804,1.0936772638302645,0.8651602372277725,219.1815981999971,10.959079909999854,workforce
workforce,ets,classical,expanding,20,0,280,5.108937515624119,7.288920080094197,5.9297898539825615,1.0547675592012573,,6.065693316678058,6.11092956604726,0.9071428571428571,0.0071428571428571175,True,21.470602305310255,24.920281236473517,0.6016095175012494,1.0935906302097964,0.8476000738555229,13.039515999960713,0.6519757999980357,workforce
workforce,prophet,gam,expanding,20,0,280,6.37956561993689,8.435334067091434,7.4045696135894925,1.3170955481695816,,7.511285965379903,7.524486359527716,0.6892857142857143,-0.21071428571428574,False,15.512137019171867,18.004470093550502,1.095588612527214,1.352678810888669,1.2241337117079416,9.477729600272141,0.47388648001360706,workforce
workforce,sktime_theta,gam,expanding,20,0,280,5.217678932963056,7.355258450460177,6.0560027409619295,1.0772178082011543,,6.303755960850061,6.403792690316809,0.8928571428571429,-0.0071428571428571175,True,22.775861069411686,26.435255759555925,0.5917896890853566,1.1706239646789165,0.8812068268821365,1.5397642998723313,0.07698821499361656,workforce
workforce,lgbm_quantile,ml,expanding,20,0,280,5.93623977839541,8.273195402944362,6.890014665688588,1.2255685497704973,,7.014725960507118,7.014384623786987,0.5857142857142857,-0.3142857142857143,False,11.67000499753638,13.545023210537996,1.2821109484232494,1.3511818261089201,1.3166463872660847,57.936391600058414,2.8968195800029206,workforce
workforce,lgbm_conformal,ml,expanding,20,0,280,6.3729863879925155,8.904957512910386,7.39693329728861,1.3157372304375359,,7.534682444120666,7.509732247933447,0.9321428571428572,0.03214285714285714,True,33.43205212680361,38.803575673623826,0.7740894637835333,1.3820246265770608,1.078057045180297,41.10810419975314,2.055405209987657,workforce
workforce,seasonal_naive,baseline,rolling,20,0,280,6.485714285714286,8.972975298878612,7.527773171944951,1.588157123314442,,7.602554578321959,7.710362393978381,0.8357142857142857,-0.06428571428571428,False,22.760000000000005,26.41684629414691,0.9332857142857143,1.3232857142857146,1.1282857142857146,0.006564299808815122,0.00032821499044075606,workforce
workforce,sarima,classical,rolling,20,0,280,5.622079006164372,7.717548283788885,6.525377722293252,1.3766787169677466,,6.635061778203245,6.61810364778256,0.9035714285714286,0.0035714285714285587,True,24.40654837167803,28.327945382481552,0.6574670649130553,1.120462813767461,0.8889649393402581,156.8643313999055,7.843216569995275,workforce
workforce,ets,classical,rolling,20,0,280,5.14325176430881,7.270981207160861,5.969617368622396,1.2594282706036621,,6.094752709592503,6.110366892045364,0.9214285714285714,0.021428571428571352,True,23.393362658490048,27.151971250112805,0.5958379018443852,1.1332694422629253,0.8645536720536553,9.18156449997332,0.45907822499866596,workforce
workforce,prophet,gam,rolling,20,0,280,7.534578762593195,9.869994826353295,8.7451585704116,1.8449926108128343,,9.083158425581487,8.787658418260804,0.6071428571428571,-0.2928571428571429,False,16.25169860085386,18.862856940138787,1.7922863624436287,1.355690263949446,1.5739883131965373,8.10978950036224,0.405489475018112,workforce
workforce,sktime_theta,gam,rolling,20,0,280,5.266361041563373,7.368195776479462,6.112506597735635,1.2895740443773513,,6.3058713618395625,6.381631077066953,0.9142857142857143,0.014285714285714235,True,24.930400312740687,28.935964548032633,0.607350522751631,1.2054586616571181,0.9064045922043746,1.5227137999609113,0.07613568999804557,workforce
workforce,lgbm_quantile,ml,rolling,20,0,280,6.00391891353116,8.356288609530413,6.968567798825753,1.470179870755236,,7.018966633831396,7.071806327189843,0.5178571428571429,-0.3821428571428571,False,9.980749594815086,11.584355357934935,1.5319722009549468,1.4902924917149611,1.511132346334954,58.11214769992512,2.905607384996256,workforce
workforce,lgbm_conformal,ml,rolling,20,0,280,6.354346681798402,8.932633538517418,7.375298751880088,1.5559891327522763,,7.477666772349945,7.556973772783464,0.9285714285714286,0.02857142857142858,True,32.811630484825116,38.08347096564016,0.8426251653834443,1.2870474062806583,1.0648362858320513,34.6626312994631,1.7331315649731551,workforce
economic,seasonal_naive,baseline,expanding,6,0,36,9.654722222222222,11.16674390520551,6.472535903700613,1.0728793678231883,,6.422760064055963,6.704980334925483,1.0,0.09999999999999998,False,39.307666666666655,26.35190095941838,1.4417333333333333,0.5236500000000004,0.9826916666666669,0.0011201000306755304,0.00018668333844592175,economic
economic,sarima,classical,expanding,6,0,36,3.4121924846367953,4.326745527562096,2.2875374204257164,0.3791793105535395,,2.316850626573985,2.3423243920591625,1.0,0.09999999999999998,False,19.198605660342725,12.87076537029114,0.5608571172955418,0.39907316572159474,0.4799651415085683,6.26492469990626,1.0441541166510433,economic
economic,ets,classical,expanding,6,0,36,3.5118735993333416,4.611866584211324,2.354363744264352,0.3902563575009271,,2.3839075219466173,2.3989050713478473,1.0,0.09999999999999998,False,17.78426103243,11.922587248366455,0.4777928798602599,0.41142017176124046,0.4446065258107502,3.554835999966599,0.5924726666610999,economic
economic,prophet,gam,expanding,6,0,36,5.632196611503162,6.892820895109678,3.775830515428793,0.6258768922524814,,3.769533341221667,3.8153215409445917,0.4722222222222222,-0.4277777777777778,False,12.295511250223857,8.242923637746165,0.8445566284741794,1.3013633270856988,1.0729599777799392,10.382550000213087,1.7304250000355144,economic
economic,sktime_theta,gam,expanding,6,0,36,4.573228706109608,6.0199538393978544,3.0658973210019127,0.5081992635508888,,3.021688330387454,3.0560285962960294,0.8888888888888888,-0.011111111111111183,True,19.727731498079113,13.225491886859544,0.5970675266360828,0.5492500562114553,0.573158791423769,0.3818741000723094,0.0636456833453849,economic
economic,lgbm_quantile,ml,expanding,6,0,36,4.317666067773432,5.4270809338655965,2.894567860225917,0.4797999087536844,,2.9174812400745727,2.941747442930685,0.3611111111111111,-0.538888888888889,False,5.225144140063416,3.5029421116568398,1.1082771474453157,1.9068971332825637,1.5075871403639396,3.64602460002061,0.6076707666701017,economic
economic,lgbm_conformal,ml,expanding,6,0,36,4.8900018429042085,6.229195422139534,3.2782623641423245,0.5434006245973316,,3.2995225872829685,3.341903898229573,0.8055555555555556,-0.09444444444444444,False,19.995447957742513,13.404969282200302,0.5935794918580458,0.8867555490892488,0.7401675204736473,2.5930977996904403,0.4321829666150734,economic
economic,seasonal_naive,baseline,rolling,6,0,36,9.654722222222222,11.16674390520551,6.472535903700613,1.1268459530872603,,6.422760064055963,6.704980334925483,1.0,0.09999999999999998,False,42.45666666666667,28.46299386210595,1.520458333333333,0.6023750000000007,1.061416666666667,0.0018788998713716865,0.00031314997856194776,economic
economic,sarima,classical,rolling,6,0,36,2.9260613074836552,3.8217954479334417,1.9616345694053468,0.3415137449769378,,1.9886573315414782,2.0010490509362113,0.9166666666666666,0.016666666666666607,True,13.875904978279696,9.302421250559952,0.37701332033081775,0.5086916456588463,0.44285248299483204,7.083199999993667,1.1805333333322778,economic
economic,ets,classical,rolling,6,0,36,3.5031344026923086,4.425936356368928,2.3485049776704887,0.4088665353528931,,2.3762819844194523,2.3988313057605373,1.0,0.09999999999999998,False,17.46868838811562,11.711027016643866,0.5064361740799551,0.36699824532582653,0.43671720970289085,3.4739484001183882,0.5789914000197314,economic
economic,prophet,gam,rolling,6,0,36,5.638979761049208,6.621392287636455,3.780377945998664,0.658150631061523,,3.7746854999033306,3.810579017348038,0.3888888888888889,-0.5111111111111111,False,7.5719814223760675,5.076264287094378,1.2203010625230595,1.6809216893532226,1.450611375938141,9.84089520003181,1.6401492000053015,economic
economic,sktime_theta,gam,rolling,6,0,36,4.79547466985255,6.4806074153830036,3.2148912481879024,0.5597013669039596,,3.2118350004794127,3.271382679305352,0.8055555555555556,-0.09444444444444444,False,18.66065217360631,12.510120788574635,0.5680375032555018,0.8376474988738802,0.702842501064691,0.44055000005755574,0.07342500000959262,economic
economic,lgbm_quantile,ml,rolling,6,0,36,4.582863557741506,5.717447091394007,3.072356535641019,0.534886569983933,,3.081844780728458,3.110096052995258,0.4166666666666667,-0.48333333333333334,False,5.621841234487735,3.768888259816877,0.8395608261432791,2.2926502831901505,1.5661055546667149,3.1481863000662997,0.5246977166777166,economic
economic,lgbm_conformal,ml,rolling,6,0,36,4.861053054473433,6.075758195572049,3.258855066016692,0.567355314435454,,3.271653077151939,3.3134912358433413,0.75,-0.15000000000000002,False,18.71288006498856,12.545134421734181,0.849493304288775,0.5410647329626316,0.6952790186257033,2.1537748998962343,0.358962483316039,economic
intermittent,seasonal_naive,baseline,expanding,8,0,112,0.7232142857142857,1.863656160807107,158.8235294117647,1.0653156490812092,,3303571439.285714,37.499999853358844,0.8928571428571429,-0.0071428571428571175,True,3.232142857142857,709.8039215686275,0.13973214285714283,0.26294642857142875,0.20133928571428578,0.0015447997720912099,0.00019309997151140124,SKU-C3087
intermittent,sarima,classical,expanding,8,0,112,0.720916076990208,1.4465413712775455,158.31882475079078,1.0619303208776922,,3050925593.698312,194.88829608960103,0.9107142857142857,0.010714285714285676,True,2.6803520850506044,588.6263402464073,0.022767857142857145,0.29264000827155984,0.1577039327072085,43.828260399983265,5.478532549997908,SKU-C3087
intermittent,ets,classical,expanding,8,0,112,0.7424651603338727,1.4417811602855868,163.05117246547792,1.0936727465498954,,3304103823.336844,194.5487924776596,0.9107142857142857,0.010714285714285676,True,2.7191956687492365,597.1566958821852,0.022767857142857145,0.29044282980321995,0.15660534347303856,6.375994399888441,0.7969992999860551,SKU-C3087
intermittent,prophet,gam,expanding,8,0,112,0.9143150715926358,1.4983092922092487,200.79076082034356,1.346812657325252,,5397022138.654794,180.46388648318242,0.9375,0.03749999999999998,True,2.8970531346376704,636.2155903518021,0.022767857142857145,0.29009266650890153,0.15643026182587932,3.302082399954088,0.412760299994261,SKU-C3087
intermittent,sktime_theta,gam,expanding,8,0,112,0.7238213281897419,1.4404996947053545,158.9568407004923,1.0662098402794953,,3119705055.3997254,194.80864620341634,0.9107142857142857,0.010714285714285676,True,2.687190033481935,590.1280073528956,0.022767857142857145,0.29032685440406486,0.15654735577346102,0.5498955000657588,0.06873693750821985,SKU-C3087
intermittent,lgbm_quantile,ml,expanding,8,0,112,0.603410527305143,1.5407233875723254,132.5136844277961,0.8888412331673269,,1608070946.0979168,119.11594744847949,0.8125,-0.08750000000000002,False,1.1655474333598508,255.96335791432017,0.023013795436169354,0.35876186154175677,0.19088782848896307,20.866370999836363,2.6082963749795454,SKU-C3087
intermittent,lgbm_conformal,ml,expanding,8,0,112,0.8969951135510464,1.7041636730480856,196.98716219160235,1.3212998560606701,,5127815318.65993,145.2780532346453,0.7946428571428571,-0.10535714285714293,False,2.352225838317987,516.5672429247343,0.10512731152167444,0.3364709052096287,0.22079910836565156,12.952098099980503,1.619012262497563,SKU-C3087
intermittent,seasonal_naive,baseline,rolling,8,0,112,0.7232142857142857,1.863656160807107,158.8235294117647,0.9660847547974414,,3303571439.285714,37.499999853358844,0.9196428571428571,0.019642857142857073,True,3.805357142857144,835.6862745098042,0.10580357142857143,0.26303571428571454,0.184419642857143,0.0027777000796049833,0.0003472125099506229,SKU-C3087
intermittent,sarima,classical,rolling,8,0,112,0.5739675532736399,1.4682938074483034,126.04777640519151,0.7667178510147876,,1440279773.291157,157.01399680875087,0.9107142857142857,0.010714285714285676,True,2.4446169231887396,536.8570497983114,0.022767857142857145,0.2967963374632378,0.1597820973030475,37.99270719999913,4.749088399999891,SKU-C3087
intermittent,ets,classical,rolling,8,0,112,0.6954791799196495,1.457831792290188,152.73268264902106,0.9290356209374422,,2741722293.8992033,195.4298472590217,0.9107142857142857,0.010714285714285676,True,2.696978260644868,592.2775788082847,0.022767857142857145,0.29204924285357875,0.15740854999821796,4.537893600179814,0.5672367000224767,SKU-C3087
intermittent,prophet,gam,rolling,8,0,112,0.8978247195577358,1.519546375157185,197.1693501773851,1.1993330209017516,,5150665929.808599,162.3504357852325,0.9285714285714286,0.02857142857142858,True,2.633427696361733,578.3213764559099,0.022767857142857145,0.33038060050298207,0.17657422882291962,2.8715427999850363,0.35894284999812953,SKU-C3087
intermittent,sktime_theta,gam,rolling,8,0,112,0.6390456796401861,1.4661745407851077,140.33944337196243,0.8536505720566665,,2121113959.6048098,169.64485510828365,0.9196428571428571,0.019642857142857073,True,2.60979145530228,573.1306725369712,0.022767857142857145,0.2977119292632063,0.16023989320303172,0.5320056997006759,0.06650071246258449,SKU-C3087
intermittent,lgbm_quantile,ml,rolling,8,0,112,0.5888092949134217,1.5529460710381422,129.30713927510436,0.7865437596231529,,1503338777.895352,111.19793677948091,0.6785714285714286,-0.22142857142857142,False,1.0546419494851151,231.60764380849588,0.025912026467705875,0.3639896476325203,0.19495083705011307,17.867949000326917,2.2334936250408646,SKU-C3087
intermittent,lgbm_conformal,ml,rolling,8,0,112,0.7570602356938897,1.509742245315983,166.25636548571697,1.011296882009002,,3556416457.3371572,146.07293561461165,0.9107142857142857,0.010714285714285676,True,2.4911104087438503,547.0673838810023,0.02679744915715513,0.3115365468533411,0.16916699800524812,13.092741299886256,1.636592662485782,SKU-C3087
intermittent,lgbm_global,ml,expanding,8,0,112,0.6278097542939268,1.3655873969525198,213.07482569975699,1.2663208112178637,,3446956939.009688,157.70975676608586,0.6607142857142857,-0.23928571428571432,False,0.4788629356099448,162.5231781464055,0.20282094378149113,0.27834831780870467,0.2405846307950979,0.0,,SKU-A1102
intermittent,lgbm_global,ml,expanding,8,0,112,0.41699136505102924,1.1576048224283393,194.59597035714697,1.5182762522370807,,2114915437.5857122,149.28453801695662,0.7410714285714286,-0.15892857142857142,False,0.46635303724823834,217.63141738251127,0.0894563807762446,0.20773144714118683,0.1485939139587157,0.0,,SKU-B2044
intermittent,lgbm_global,ml,expanding,8,0,112,0.7935016889259418,1.612329457348797,174.25919443079505,1.1688510355548105,,4080841921.60695,152.7189285929457,0.5714285714285714,-0.3285714285714286,False,0.5095905712476235,111.91008623477224,0.25563408167263074,0.36925864333429637,0.3124463625034636,0.0,,SKU-C3087
intermittent,lgbm_global,ml,expanding,8,0,112,0.15010992216546298,0.6186438751745368,186.8034586947984,0.9868337475692475,,703593510.4918743,124.94531538532729,0.9464285714285714,0.046428571428571375,True,0.38984828234269553,485.1445291375766,0.01368559838179123,0.08960860529283114,0.051647101837311186,0.0,,SKU-D4021
intermittent,lgbm_global,ml,rolling,8,0,112,0.5655738450802642,1.2202217808545066,191.95233529996844,1.1186488206559921,,3015553086.4492526,129.87094859682588,0.6517857142857143,-0.24821428571428572,False,0.4399804880001664,149.32671107884437,0.16903287011343582,0.25713742935916023,0.21308514973629802,0.0,,SKU-A1102
intermittent,lgbm_global,ml,rolling,8,0,112,0.4043131739965033,1.0984094011681553,188.67948119836822,1.3785153932452208,,2090494835.4849756,118.16093287672598,0.7321428571428571,-0.16785714285714293,False,0.4119893191290288,192.26168226021346,0.08724665668770659,0.19608328916046625,0.14166497292408642,0.0,,SKU-B2044
intermittent,lgbm_global,ml,rolling,8,0,112,0.6841517310030364,1.5048598972463862,150.2450860241962,0.913904177981668,,2674669419.6389737,152.84862850385161,0.6071428571428571,-0.2928571428571429,False,0.46837706462842654,102.85927693800741,0.14560771519890844,0.38788157639977777,0.2667446457993431,0.0,,SKU-C3087
intermittent,lgbm_global,ml,rolling,8,0,112,0.20899859223015627,0.6905923250564302,260.0871369975278,1.8705374004598987,,1303974607.6095493,92.72034815473965,0.8571428571428571,-0.04285714285714293,True,0.3436405727162399,427.6416016024318,0.06396165046439453,0.08911684626234803,0.07653924836337128,0.0,,SKU-D4021
